"state","communityname","PctLess9thGrade","PctNotHSGrad","PctBSorMore"
8,"Lakewoodcity",0.1,0.18,0.48
53,"Tukwilacity",0.14,0.24,0.3
24,"Aberdeentown",0.27,0.43,0.19
34,"Willingborotownship",0.09,0.25,0.31
42,"Bethlehemtownship",0.25,0.3,0.33
6,"SouthPasadenacity",0.13,0.12,0.8
44,"Lincolntown",0.29,0.41,0.36
6,"Selmacity",0.96,0.82,0.12
21,"Hendersoncity",0.52,0.59,0.17
29,"Claytoncity",0.04,0.03,1
6,"DalyCitycity",0.33,0.36,0.38
36,"RockvilleCentrevillage",0.18,0.19,0.72
25,"Needhamtown",0.07,0.07,0.89
55,"GrandChutetown",0.2,0.22,0.42
6,"DanaPointcity",0.11,0.14,0.58
19,"FortDodgecity",0.3,0.37,0.24
36,"Albanycity",0.3,0.38,0.47
34,"Denvilletownship",0.1,0.18,0.58
18,"Valparaisocity",0.16,0.24,0.45
42,"Rostravertownship",0.27,0.38,0.19
6,"Modestocity",0.34,0.43,0.24
12,"Jacksonvillecity",0.25,0.39,0.28
41,"KlamathFallscity",0.31,0.42,0.24
19,"SiouxCitycity",0.29,0.37,0.27
6,"Delanocity",1,1,0.1
8,"Goldencity",0.11,0.18,0.54
6,"Gardenacity",0.35,0.46,0.25
39,"Perrytownship",0.3,0.45,0.16
54,"Beckleycity",0.46,0.49,0.3
9,"EastHamptontown",0.18,0.27,0.44
1,"Cullmancity",0.62,0.61,0.26
19,"DesMoinescity",0.19,0.31,0.29
1,"Auburncity",0.18,0.18,0.82
51,"Lynchburgcity",0.47,0.53,0.34
6,"FosterCitycity",0.05,0.05,0.77
18,"Evansvillecity",0.38,0.48,0.22
6,"LaVernecity",0.16,0.25,0.43
41,"Woodburncity",0.69,0.64,0.12
40,"Altuscity",0.36,0.42,0.27
34,"Plainsborotownship",0.04,0.03,0.98
34,"LittleEggHarbortownship",0.21,0.44,0.15
44,"EastProvidencecity",0.49,0.58,0.24
1,"Fairfieldcity",0.39,0.5,0.26
6,"Carlsbadcity",0.14,0.15,0.58
34,"Paramusborough",0.21,0.23,0.5
8,"FortCollinscity",0.12,0.12,0.7
34,"Winslowtownship",0.27,0.41,0.27
35,"Artesiacity",0.65,0.62,0.18
8,"Littletoncity",0.08,0.15,0.58
33,"Claremontcity",0.41,0.57,0.17
18,"Kokomocity",0.32,0.45,0.19
6,"Riversidecity",0.3,0.38,0.3
34,"Pennsaukentownship",0.27,0.43,0.2
34,"Medfordtownship",0.11,0.14,0.67
39,"Franklincity",0.63,0.7,0.08
48,"MineralWellscity",0.53,0.66,0.16
6,"Concordcity",0.12,0.18,0.42
53,"Centraliacity",0.32,0.46,0.15
1,"Huntsvillecity",0.22,0.3,0.54
34,"Manvilleborough",0.44,0.48,0.13
34,"Hawthorneborough",0.36,0.39,0.35
51,"Stauntoncity",0.47,0.49,0.27
41,"LaGrandecity",0.22,0.32,0.3
4,"CasaGrandecity",0.51,0.48,0.21
6,"Banningcity",0.45,0.65,0.14
6,"ManhattanBeachcity",0.02,0.04,0.93
37,"Gastoniacity",0.59,0.66,0.24
34,"Mahwahtownship",0.15,0.15,0.71
34,"PerthAmboycity",1,0.89,0.11
36,"Oneidacity",0.24,0.4,0.24
29,"Chesterfieldcity",0.1,0.09,0.88
6,"Petalumacity",0.15,0.22,0.39
19,"CedarFallscity",0.14,0.18,0.51
9,"Guilfordtown",0.07,0.12,0.71
9,"Meridentown",0.37,0.47,0.24
25,"Yarmouthtown",0.08,0.22,0.35
40,"DelCitycity",0.18,0.39,0.14
48,"PortArthurcity",0.57,0.61,0.14
8,"Pueblocity",0.42,0.46,0.21
8,"Auroracity",0.08,0.14,0.42
36,"Yonkerscity",0.38,0.45,0.34
49,"Ogdencity",0.26,0.43,0.25
48,"Vernoncity",0.69,0.69,0.18
39,"Polandtownship",0.1,0.19,0.43
46,"Vermillioncity",0.23,0.21,0.72
29,"Carthagecity",0.45,0.53,0.18
4,"LakeHavasuCitycity",0.17,0.35,0.2
6,"SealBeachcity",0.14,0.22,0.51
41,"Lebanoncity",0.32,0.48,0.13
6,"Yucaipacity",0.27,0.45,0.18
12,"KeyWestcity",0.32,0.34,0.33
28,"Clintoncity",0.15,0.21,0.62
44,"EastGreenwichtown",0.09,0.15,0.72
41,"Gladstonecity",0.13,0.23,0.3
6,"RohnertParkcity",0.12,0.19,0.34
25,"Maldencity",0.24,0.37,0.31
6,"Eurekacity",0.23,0.35,0.28
19,"Amescity",0.07,0.05,0.89
9,"Wolcotttown",0.21,0.36,0.24
33,"Manchestercity",0.4,0.43,0.3
40,"Lawtoncity",0.19,0.31,0.29
34,"Wallingtonborough",0.51,0.53,0.24
12,"Hollywoodcity",0.29,0.47,0.24
48,"Amarillocity",0.29,0.41,0.27
46,"Yanktoncity",0.46,0.35,0.32
22,"Bogalusacity",0.61,0.68,0.14
6,"SanLuisObispocity",0.13,0.17,0.56
42,"WestGoshentownship",0.13,0.16,0.63
48,"ElCampocity",0.78,0.72,0.18
4,"Tucsoncity",0.32,0.36,0.32
12,"BoyntonBeachcity",0.33,0.46,0.25
42,"WestManchestertownship",0.36,0.42,0.22
25,"Eastontown",0.09,0.14,0.52
6,"SantaClaracity",0.22,0.27,0.49
6,"Marysvillecity",0.31,0.41,0.17
34,"WestWindsortownship",0.07,0.07,1
6,"Inglewoodcity",0.59,0.6,0.23
42,"Marpletownship",0.19,0.22,0.48
12,"OrmondBeachcity",0.16,0.26,0.42
6,"SantaMonicacity",0.19,0.19,0.71
12,"Davietown",0.15,0.32,0.32
34,"ScotchPlainstownship",0.15,0.19,0.68
39,"Delhitownship",0.19,0.29,0.33
45,"Mauldincity",0.13,0.18,0.45
33,"Keenecity",0.21,0.27,0.46
39,"Oregoncity",0.28,0.41,0.16
42,"LowerPaxtontownship",0.1,0.2,0.43
6,"LomaLindacity",0.26,0.27,0.69
6,"Watsonvillecity",1,0.83,0.15
39,"Dovercity",0.29,0.37,0.21
28,"Natchezcity",0.54,0.54,0.29
25,"Belchertowntown",0.29,0.33,0.46
16,"Caldwellcity",0.52,0.58,0.19
6,"LaMiradacity",0.18,0.31,0.27
34,"Cliftoncity",0.42,0.47,0.32
34,"NewMilfordborough",0.24,0.31,0.41
25,"Wilbrahamtown",0.1,0.19,0.56
6,"Campbellcity",0.11,0.17,0.5
47,"UnionCitycity",0.51,0.61,0.17
6,"Orindacity",0.01,0.02,1
6,"Folsomcity",0.15,0.26,0.38
33,"Salemtown",0.19,0.29,0.32
5,"WestMemphiscity",0.55,0.66,0.16
34,"Vernontownship",0.11,0.15,0.36
6,"Cloviscity",0.23,0.3,0.31
25,"Lowellcity",0.57,0.6,0.24
22,"BatonRougecity",0.3,0.39,0.45
42,"Pottsvillecity",0.39,0.53,0.18
12,"Bartowcity",0.46,0.58,0.18
12,"PlantCitycity",0.49,0.56,0.2
48,"SanAngelocity",0.51,0.5,0.27
37,"Fayettevillecity",0.29,0.35,0.38
39,"Wadsworthcity",0.22,0.34,0.36
44,"Cumberlandtown",0.37,0.43,0.35
12,"LakeCitycity",0.46,0.58,0.22
34,"Passaiccity",0.81,0.79,0.21
6,"Lafayettecity",0.04,0.04,0.97
37,"Hendersoncity",0.75,0.78,0.17
12,"Clearwatercity",0.21,0.33,0.32
40,"Owassocity",0.19,0.26,0.22
29,"Rollacity",0.41,0.39,0.45
9,"Branfordtown",0.16,0.22,0.53
25,"Braintreetown",0.12,0.19,0.37
25,"Dedhamtown",0.18,0.26,0.43
34,"Springfieldtownship",0.21,0.25,0.57
6,"SanDimascity",0.14,0.24,0.43
51,"Blacksburgtown",0.11,0.11,1
48,"Weatherfordcity",0.39,0.51,0.24
37,"Salisburycity",0.4,0.53,0.32
39,"Newarkcity",0.3,0.47,0.16
54,"Huntingtoncity",0.41,0.48,0.33
42,"Stroudtownship",0.23,0.31,0.35
18,"Wabashcity",0.37,0.56,0.14
48,"Edinburgcity",1,0.78,0.3
25,"Lynncity",0.34,0.46,0.22
34,"Woodbridgetownship",0.31,0.38,0.31
42,"Hampdentownship",0.1,0.14,0.51
34,"JerseyCitycity",0.48,0.6,0.34
53,"PortAngelescity",0.2,0.34,0.22
40,"TheVillagecity",0.08,0.18,0.49
39,"Sanduskycity",0.3,0.5,0.13
35,"SilverCitytown",0.47,0.47,0.31
48,"Taylorcity",0.87,0.71,0.17
34,"BerkeleyHeightstownship",0.2,0.15,0.79
9,"Manchestertown",0.2,0.27,0.4
37,"Greensborocity",0.26,0.35,0.48
12,"CoralSpringscity",0.11,0.16,0.51
18,"Scherervilletown",0.16,0.2,0.4
42,"NetherProvidencetownship",0.17,0.18,0.71
39,"NorthRidgevillecity",0.16,0.35,0.21
34,"Dovertown",0.52,0.56,0.21
25,"Marlboroughcity",0.19,0.28,0.42
39,"Athenscity",0.13,0.15,0.94
48,"Wataugacity",0.09,0.24,0.23
49,"NorthOgdencity",0.03,0.08,0.5
25,"NorthReadingtown",0.09,0.21,0.44
50,"Colchestertown",0.16,0.15,0.45
13,"Savannahcity",0.39,0.52,0.25
6,"Reddingcity",0.2,0.32,0.25
37,"Lexingtoncity",0.64,0.71,0.18
12,"NorthLauderdalecity",0.17,0.28,0.23
34,"LittleFallstownship",0.21,0.29,0.44
18,"LakeStationcity",0.4,0.65,0.04
6,"Artesiacity",0.81,0.77,0.2
42,"Ephrataborough",0.34,0.52,0.19
41,"Eugenecity",0.13,0.17,0.56
6,"Torrancecity",0.13,0.19,0.5
39,"VanWertcity",0.25,0.4,0.18
25,"Melrosecity",0.09,0.19,0.51
45,"Clemsoncity",0.18,0.18,0.94
24,"Hyattsvillecity",0.26,0.4,0.39
54,"Viennacity",0.23,0.3,0.33
12,"OaklandParkcity",0.25,0.37,0.27
34,"Rutherfordborough",0.24,0.28,0.52
48,"Mansfieldcity",0.21,0.3,0.31
6,"Lodicity",0.47,0.48,0.21
48,"RoundRockcity",0.23,0.24,0.35
49,"SpanishForkcity",0.1,0.24,0.19
51,"Danvillecity",0.71,0.75,0.18
23,"SouthPortlandcity",0.14,0.23,0.34
55,"Watertowncity",0.54,0.49,0.21
36,"Peekskillcity",0.28,0.4,0.35
42,"Lancastercity",0.52,0.68,0.2
39,"Amherstcity",0.21,0.35,0.25
55,"FondduLaccity",0.36,0.37,0.21
1,"Sheffieldcity",0.52,0.6,0.2
48,"Pariscity",0.52,0.61,0.22
44,"Pawtucketcity",0.57,0.68,0.19
45,"Newberrytown",0.64,0.69,0.22
13,"Decaturcity",0.27,0.34,0.66
19,"FortMadisoncity",0.33,0.35,0.17
42,"Logantownship",0.29,0.39,0.14
53,"Wenatcheecity",0.34,0.43,0.26
9,"NewHaventown",0.41,0.5,0.43
25,"Dracuttown",0.29,0.39,0.25
48,"Enniscity",0.64,0.68,0.16
6,"Marinacity",0.2,0.26,0.26
55,"Caledoniatown",0.19,0.29,0.33
25,"Westfieldcity",0.27,0.36,0.3
53,"Auburncity",0.18,0.3,0.19
25,"Andovertown",0.1,0.12,0.86
42,"Lebanoncity",0.4,0.65,0.11
6,"Visaliacity",0.42,0.42,0.31
6,"ElMontecity",1,1,0.07
39,"Xeniacity",0.25,0.43,0.17
6,"Napacity",0.27,0.32,0.3
6,"Bellflowercity",0.3,0.48,0.18
12,"NewPortRicheycity",0.35,0.57,0.11
45,"Spartanburgcity",0.5,0.6,0.37
55,"LaCrossecity",0.33,0.32,0.34
37,"Charlottecity",0.2,0.32,0.45
12,"Lakelandcity",0.32,0.45,0.3
18,"Carmelcity",0.04,0.05,0.84
34,"Somervilleborough",0.32,0.37,0.39
42,"Hamptontownship",0.15,0.2,0.58
45,"NorthCharlestoncity",0.28,0.45,0.17
29,"PoplarBluffcity",0.76,0.74,0.17
42,"EastLampetertownship",0.44,0.47,0.29
54,"Clarksburgcity",0.37,0.5,0.21
48,"Pecoscity",1,0.94,0.1
18,"LaPortecity",0.33,0.48,0.18
12,"WinterHavencity",0.37,0.5,0.27
51,"Richmondcity",0.42,0.56,0.38
9,"Cheshiretown",0.13,0.17,0.7
44,"Coventrytown",0.31,0.44,0.21
47,"OakRidgecity",0.2,0.23,0.57
1,"Montgomerycity",0.3,0.41,0.39
29,"Overlandcity",0.44,0.52,0.16
29,"Maryvillecity",0.31,0.27,0.42
25,"Greenfieldtown",0.21,0.33,0.28
25,"Stoughtontown",0.26,0.29,0.36
47,"Kingsportcity",0.58,0.56,0.32
12,"WiltonManorscity",0.19,0.33,0.24
18,"MichiganCitycity",0.33,0.54,0.13
25,"EastBridgewatertown",0.11,0.27,0.25
6,"Pittsburgcity",0.36,0.4,0.22
1,"PhenixCitycity",0.64,0.72,0.15
9,"Stratfordtown",0.31,0.38,0.33
9,"Plainfieldtown",0.43,0.54,0.1
38,"Bismarckcity",0.37,0.27,0.42
48,"Stephenvillecity",0.3,0.4,0.44
25,"Dennistown",0.07,0.18,0.4
42,"Dunmoreborough",0.33,0.45,0.29
8,"Englewoodcity",0.19,0.33,0.3
34,"Carteretborough",0.45,0.53,0.13
48,"LaMarquecity",0.33,0.46,0.18
34,"LongBranchcity",0.37,0.49,0.31
33,"Bedfordtown",0.16,0.15,0.7
48,"Greenvillecity",0.4,0.54,0.29
25,"Westporttown",0.53,0.54,0.29
34,"Lowertownship",0.35,0.61,0.13
51,"Williamsburgcity",0.24,0.26,0.7
42,"UpperAllentownship",0.15,0.16,0.53
42,"Allentowncity",0.4,0.53,0.23
39,"Libertytownship",0.25,0.4,0.27
34,"Sayrevilleborough",0.3,0.37,0.26
6,"LongBeachcity",0.39,0.42,0.37
34,"Montvilletownship",0.14,0.18,0.62
6,"Fillmorecity",0.88,0.77,0.12
53,"Vancouvercity",0.25,0.33,0.23
39,"Delawarecity",0.22,0.34,0.32
1,"FortPaynecity",0.62,0.72,0.16
1,"Northportcity",0.36,0.46,0.37
13,"Daltoncity",0.71,0.67,0.31
40,"Bethanycity",0.17,0.35,0.31
6,"BeverlyHillscity",0.12,0.16,0.77
48,"Baytowncity",0.44,0.5,0.22
39,"Zanesvillecity",0.38,0.67,0.13
34,"MountLaureltownship",0.09,0.15,0.6
25,"Belmonttown",0.1,0.12,0.9
29,"Arnoldcity",0.45,0.49,0.13
34,"Gloucestertownship",0.19,0.31,0.29
34,"Bayonnecity",0.39,0.52,0.25
39,"Cantoncity",0.36,0.58,0.14
34,"NorthPlainfieldborough",0.26,0.27,0.45
36,"NiagaraFallscity",0.4,0.56,0.14
37,"Monroecity",0.5,0.61,0.22
6,"Sangercity",1,0.91,0.09
39,"Brooklyncity",0.27,0.51,0.11
6,"Ukiahcity",0.26,0.4,0.21
21,"Georgetowncity",0.54,0.56,0.21
40,"Duncancity",0.4,0.47,0.28
23,"Biddefordcity",0.66,0.58,0.15
48,"Killeencity",0.17,0.23,0.22
6,"Antiochcity",0.19,0.29,0.22
4,"Nogalescity",1,0.92,0.11
19,"Oskaloosacity",0.49,0.42,0.24
47,"Hendersonvillecity",0.18,0.27,0.33
34,"Glassboroborough",0.29,0.41,0.34
6,"SanGabrielcity",0.51,0.5,0.34
39,"HuberHeightscity",0.14,0.26,0.28
48,"Hurstcity",0.11,0.22,0.35
34,"Westfieldtown",0.13,0.13,0.88
34,"AtlanticCitycity",0.55,0.74,0.13
48,"Palestinecity",0.42,0.5,0.21
42,"Haverfordtownship",0.15,0.2,0.61
49,"Provocity",0.08,0.15,0.56
39,"Westervillecity",0.08,0.12,0.65
9,"WestHaventown",0.29,0.44,0.26
48,"Portlandcity",0.1,0.19,0.38
34,"Dovertownship",0.24,0.36,0.32
39,"Perkinstownship",0.31,0.39,0.25
25,"Harvardtown",0.02,0.02,0.69
36,"NorthTonawandacity",0.25,0.34,0.23
55,"Menashacity",0.3,0.36,0.17
55,"GreenBaycity",0.31,0.32,0.26
53,"Seattlecity",0.17,0.21,0.62
8,"Greeleycity",0.41,0.4,0.4
34,"HasbrouckHeightsborough",0.21,0.34,0.35
53,"Pullmancity",0.04,0.02,1
9,"Cromwelltown",0.19,0.22,0.51
39,"Woostercity",0.22,0.35,0.38
46,"Aberdeencity",0.49,0.38,0.36
39,"Madisontownship",0.16,0.37,0.17
49,"Oremcity",0.08,0.15,0.49
36,"Genevacity",0.33,0.42,0.27
25,"Peabodycity",0.31,0.35,0.33
34,"SaddleBrooktownship",0.28,0.39,0.3
18,"Logansportcity",0.32,0.52,0.09
40,"Mustangcity",0.14,0.28,0.19
1,"Enterprisecity",0.35,0.39,0.37
29,"Fergusoncity",0.31,0.39,0.26
1,"Birminghamcity",0.36,0.53,0.25
41,"Newbergcity",0.26,0.35,0.29
41,"Keizercity",0.24,0.3,0.27
18,"SouthBendcity",0.31,0.48,0.29
42,"Eriecity",0.3,0.48,0.21
48,"Uvaldecity",1,0.87,0.18
48,"CollegeStationcity",0.08,0.08,0.97
29,"Florissantcity",0.27,0.33,0.25
48,"Texarkanacity",0.31,0.52,0.27
13,"Smyrnacity",0.19,0.25,0.55
55,"SunPrairiecity",0.19,0.26,0.33
33,"Hudsontown",0.17,0.24,0.39
13,"Gainesvillecity",0.47,0.55,0.4
6,"LaCanadaFlintridgecity",0.06,0.05,0.9
9,"Glastonburytown",0.11,0.14,0.76
49,"Tooelecity",0.11,0.38,0.16
34,"Englewoodcity",0.27,0.33,0.56
45,"NorthAugustacity",0.2,0.3,0.4
42,"Readingcity",0.55,0.74,0.12
47,"Colliervilletown",0.21,0.28,0.41
34,"Cranfordtownship",0.15,0.2,0.55
8,"Durangocity",0.18,0.26,0.5
34,"Elizabethcity",0.7,0.74,0.17
48,"Brenhamcity",0.7,0.63,0.24
6,"Chinocity",0.39,0.44,0.17
48,"Kilgorecity",0.41,0.46,0.27
6,"MorenoValleycity",0.19,0.3,0.22
39,"Sylvaniacity",0.09,0.12,0.61
6,"SanMarinocity",0.05,0.05,1
53,"OakHarborcity",0.14,0.19,0.27
37,"Jacksonvillecity",0.16,0.25,0.28
48,"Conroecity",0.46,0.52,0.28
48,"Colleyvillecity",0.07,0.09,0.75
16,"Lewistoncity",0.23,0.32,0.25
48,"Brownsvillecity",1,0.98,0.18
42,"Phoenixvilleborough",0.32,0.44,0.29
51,"Fredericksburgcity",0.39,0.45,0.42
12,"Hallandalecity",0.38,0.56,0.21
39,"Mansfieldcity",0.38,0.53,0.19
55,"Milwaukeecity",0.33,0.49,0.22
22,"Pinevillecity",0.43,0.48,0.3
48,"GalenaParkcity",0.88,0.82,0.03
6,"LosBanoscity",0.63,0.65,0.18
4,"Avondalecity",0.96,0.76,0.13
27,"ColumbiaHeightscity",0.26,0.35,0.19
8,"CommerceCitycity",0.47,0.7,0.03
37,"RockyMountcity",0.47,0.58,0.26
6,"MenloParkcity",0.17,0.15,0.9
12,"FortPiercecity",0.63,0.77,0.16
36,"Middletowncity",0.42,0.52,0.24
37,"Morgantoncity",0.62,0.61,0.29
24,"Baltimorecity",0.51,0.69,0.24
34,"Gallowaytownship",0.17,0.3,0.32
12,"Sebastiancity",0.24,0.46,0.14
18,"Greenfieldcity",0.32,0.42,0.19
34,"Fairviewborough",0.61,0.68,0.23
25,"Sandwichtown",0.05,0.11,0.54
48,"Borgercity",0.44,0.54,0.18
1,"Annistoncity",0.48,0.58,0.28
25,"Everettcity",0.32,0.47,0.16
34,"NorthArlingtonborough",0.37,0.46,0.25
21,"Covingtoncity",0.6,0.66,0.14
42,"Springtownship",0.16,0.24,0.44
48,"WhiteSettlementcity",0.31,0.51,0.09
42,"Cranberrytownship",0.06,0.14,0.47
45,"Andersoncity",0.63,0.66,0.26
48,"NewBraunfelscity",0.62,0.55,0.29
6,"Oceansidecity",0.25,0.31,0.29
44,"Westerlytown",0.29,0.42,0.32
6,"Sacramentocity",0.35,0.39,0.37
55,"BrownDeervillage",0.24,0.21,0.49
28,"Meridiancity",0.45,0.55,0.24
23,"Windhamtown",0.14,0.25,0.31
34,"WestPatersonborough",0.43,0.44,0.33
36,"Romecity",0.31,0.44,0.23
9,"RockyHilltown",0.18,0.24,0.51
6,"SouthSanFranciscodivision",0.25,0.3,0.38
8,"GrandJunctioncity",0.28,0.39,0.28
12,"Longwoodcity",0.18,0.29,0.33
47,"Columbiacity",0.54,0.58,0.21
5,"Paragouldcity",0.72,0.7,0.16
39,"Vandaliacity",0.26,0.33,0.25
48,"Galvestoncity",0.47,0.52,0.33
47,"Tullahomacity",0.48,0.45,0.34
1,"Ozarkcity",0.46,0.48,0.22
34,"Irvingtontownship",0.37,0.6,0.17
34,"Ridgewoodvillage",0.08,0.08,0.93
39,"Centervillecity",0.07,0.11,0.66
47,"Brownsvillecity",0.74,0.72,0.17
55,"Manitowoccity",0.44,0.44,0.22
37,"Kannapoliscity",0.7,0.73,0.1
18,"Richmondcity",0.36,0.56,0.19
48,"Wacocity",0.45,0.55,0.26
49,"Springvillecity",0.08,0.23,0.3
29,"Raytowncity",0.15,0.24,0.28
12,"Homesteadcity",0.79,0.79,0.12
51,"FrontRoyaltown",0.67,0.74,0.11
33,"Londonderrytown",0.07,0.12,0.54
13,"Covingtoncity",0.83,0.89,0.12
39,"Beavercreekcity",0.13,0.17,0.6
6,"Commercecity",1,1,0.07
25,"Plymouthtown",0.14,0.26,0.35
53,"Spokanecity",0.19,0.27,0.33
8,"CanonCitycity",0.39,0.43,0.2
34,"SouthOrangeVillagetownship",0.11,0.15,0.87
6,"Millbraecity",0.21,0.26,0.38
39,"GarfieldHeightscity",0.27,0.49,0.12
34,"Bellmawrborough",0.36,0.56,0.11
53,"Everettcity",0.2,0.32,0.21
49,"Sandycity",0.03,0.09,0.47
13,"Romecity",0.61,0.64,0.27
37,"Hickorycity",0.39,0.48,0.37
13,"Dublincity",0.63,0.65,0.26
53,"Aberdeencity",0.31,0.46,0.18
55,"Beloitcity",0.28,0.48,0.16
6,"MontereyParkcity",0.56,0.52,0.35
55,"Marshfieldcity",0.47,0.39,0.31
47,"Shelbyvillecity",0.86,0.79,0.14
12,"Edgewatercity",0.27,0.49,0.11
6,"Temeculacity",0.14,0.19,0.34
21,"Paducahcity",0.5,0.54,0.22
48,"Eulesscity",0.13,0.22,0.41
36,"Yorktowntown",0.15,0.18,0.58
48,"Austincity",0.27,0.29,0.56
53,"Richlandcity",0.1,0.14,0.56
39,"Fairborncity",0.28,0.38,0.33
47,"Morristowncity",0.83,0.76,0.16
34,"Pennsvilletownship",0.3,0.41,0.14
34,"Oaklandborough",0.18,0.18,0.59
28,"Vicksburgcity",0.55,0.66,0.25
25,"Sudburytown",0.04,0.04,1
34,"Waynetownship",0.2,0.23,0.58
53,"Pascocity",0.85,0.75,0.12
35,"Demingcity",0.88,0.79,0.16
9,"Norwalktown",0.27,0.34,0.47
39,"Middletowncity",0.35,0.49,0.19
25,"Ludlowtown",0.54,0.58,0.17
6,"SanBernardinocity",0.43,0.56,0.19
25,"Woburncity",0.14,0.22,0.38
5,"Jonesborocity",0.45,0.46,0.33
34,"Nutleytownship",0.27,0.34,0.45
55,"RiverFallscity",0.27,0.19,0.49
40,"MidwestCitycity",0.17,0.29,0.26
47,"Knoxvillecity",0.43,0.51,0.34
39,"Loraincity",0.39,0.57,0.1
41,"Beavertoncity",0.09,0.12,0.58
48,"Freeportcity",0.74,0.74,0.08
23,"PresqueIslecity",0.44,0.42,0.25
40,"Moorecity",0.14,0.29,0.21
55,"Kenoshacity",0.31,0.46,0.18
39,"Chillicothecity",0.37,0.53,0.21
6,"SantaRosacity",0.17,0.23,0.43
40,"Bartlesvillecity",0.21,0.29,0.51
42,"WestWhitelandtownship",0.07,0.08,0.72
34,"Bellevilletownship",0.37,0.5,0.26
5,"Russellvillecity",0.39,0.47,0.32
8,"Brightoncity",0.42,0.51,0.19
19,"Spencercity",0.21,0.24,0.25
12,"PembrokePinescity",0.17,0.3,0.33
25,"Leominstercity",0.36,0.42,0.3
39,"Columbuscity",0.19,0.36,0.39
5,"Stuttgartcity",0.63,0.61,0.19
36,"Auburncity",0.36,0.55,0.17
35,"Albuquerquecity",0.2,0.26,0.46
13,"Americuscity",0.6,0.67,0.27
36,"Fultoncity",0.3,0.49,0.18
6,"PicoRiveracity",0.76,0.85,0.08
44,"Warrentown",0.49,0.53,0.23
34,"Westwoodborough",0.25,0.28,0.47
8,"Lovelandcity",0.21,0.26,0.29
39,"Toledocity",0.29,0.46,0.21
6,"MorganHillcity",0.2,0.27,0.45
42,"Nanticokecity",0.58,0.68,0.14
45,"Hanahancity",0.24,0.34,0.24
55,"WestBendcity",0.34,0.33,0.25
34,"Burlingtontownship",0.3,0.37,0.23
34,"Lyndhursttownship",0.42,0.52,0.23
37,"NewBerncity",0.45,0.52,0.24
42,"Bensalemtownship",0.16,0.34,0.34
6,"Cypresscity",0.11,0.19,0.42
42,"Lancastertownship",0.35,0.36,0.45
25,"Cantontown",0.11,0.15,0.53
34,"UnionCitycity",0.98,0.88,0.15
6,"SantaFeSpringscity",0.49,0.72,0.09
34,"SouthRiverborough",0.7,0.62,0.19
18,"Merrillvilletown",0.26,0.33,0.23
19,"WestDesMoinescity",0.04,0.06,0.68
36,"Cohoescity",0.53,0.59,0.14
19,"Urbandalecity",0.02,0.04,0.61
41,"ForestGrovecity",0.34,0.41,0.32
6,"Carsoncity",0.44,0.5,0.26
9,"Stamfordtown",0.24,0.31,0.57
34,"EastWindsortownship",0.1,0.13,0.74
37,"Kinstoncity",0.66,0.68,0.23
23,"Sanfordtown",0.44,0.47,0.17
20,"Wichitacity",0.19,0.3,0.36
6,"Montereycity",0.16,0.17,0.65
6,"Belmontcity",0.07,0.12,0.6
34,"AsburyParkcity",0.38,0.54,0.2
18,"Plainfieldtown",0.11,0.25,0.29
34,"WestOrangetownship",0.22,0.27,0.61
1,"Florencecity",0.47,0.52,0.36
6,"LosAngelescity",0.63,0.58,0.36
38,"Minotcity",0.34,0.31,0.33
47,"Clevelandcity",0.64,0.59,0.26
6,"Lakewoodcity",0.18,0.31,0.27
48,"CorpusChristicity",0.52,0.5,0.27
48,"Denisoncity",0.46,0.58,0.16
6,"DiamondBarcity",0.08,0.14,0.6
12,"PalmBeachGardenscity",0.08,0.13,0.62
44,"Cranstoncity",0.29,0.45,0.33
36,"Ithacacity",0.16,0.21,0.82
42,"Whitehalltownship",0.29,0.45,0.25
39,"UniversityHeightscity",0.11,0.13,0.77
42,"LowerAllentownship",0.17,0.28,0.38
25,"Readingtown",0.08,0.11,0.6
18,"Lafayettecity",0.23,0.32,0.34
9,"Ansoniatown",0.38,0.47,0.18
34,"Barnegattownship",0.2,0.35,0.18
34,"CedarGrovetownship",0.23,0.27,0.5
29,"Hannibalcity",0.44,0.55,0.21
36,"Gloversvillecity",0.38,0.59,0.16
34,"CherryHilltownship",0.13,0.19,0.67
9,"Seymourtown",0.3,0.35,0.29
13,"Albanycity",0.48,0.59,0.28
48,"Mercedescity",1,1,0.1
42,"UpperDarbytownship",0.21,0.33,0.34
56,"Laramiecity",0.12,0.15,0.66
40,"Okmulgeecity",0.4,0.54,0.13
42,"Harrisburgcity",0.35,0.57,0.21
47,"Germantowncity",0.01,0.01,0.88
34,"Middlesexborough",0.28,0.36,0.31
9,"NorthHaventown",0.2,0.29,0.42
39,"Massilloncity",0.32,0.53,0.11
36,"WhitePlainscity",0.27,0.33,0.61
25,"Haverhillcity",0.29,0.37,0.33
18,"Elkhartcity",0.29,0.49,0.2
1,"Troycity",0.54,0.57,0.36
36,"NewYorkcity",0.48,0.55,0.36
6,"Monroviacity",0.32,0.38,0.31
36,"Corningcity",0.27,0.36,0.33
6,"PaloAltocity",0.06,0.06,1
12,"Sanfordcity",0.32,0.5,0.18
21,"Erlangercity",0.18,0.29,0.25
54,"Bluefieldcity",0.42,0.51,0.27
18,"Portagecity",0.27,0.44,0.13
36,"Lackawannacity",0.49,0.6,0.14
42,"LowerMakefieldtownship",0.03,0.07,0.88
6,"Uplandcity",0.19,0.26,0.4
42,"Williamsportcity",0.28,0.48,0.19
29,"Independencecity",0.23,0.36,0.21
25,"Salemcity",0.28,0.37,0.39
6,"RedBluffcity",0.29,0.36,0.15
36,"GlensFallscity",0.22,0.35,0.32
39,"Tallmadgecity",0.18,0.28,0.32
46,"RapidCitycity",0.22,0.24,0.37
45,"Gaffneycity",0.74,0.72,0.18
6,"RanchoPalosVerdescity",0.05,0.05,0.88
13,"Carrolltoncity",0.6,0.63,0.32
55,"EauClairecity",0.25,0.24,0.38
33,"Milfordtown",0.18,0.26,0.38
25,"Beverlycity",0.13,0.2,0.45
6,"Mercedcity",0.59,0.54,0.24
56,"Cheyennecity",0.18,0.25,0.35
34,"Staffordtownship",0.26,0.48,0.18
23,"Brunswicktown",0.19,0.27,0.42
48,"Kerrvillecity",0.43,0.46,0.32
55,"Glendalecity",0.32,0.28,0.57
18,"Garycity",0.4,0.62,0.12
34,"Trentoncity",0.57,0.74,0.15
51,"Waynesborocity",0.48,0.5,0.28
28,"MossPointcity",0.46,0.62,0.15
21,"Glasgowcity",1,0.83,0.15
41,"Tigardcity",0.09,0.13,0.48
48,"Weslacocity",1,0.86,0.18
25,"Brocktoncity",0.26,0.44,0.19
12,"BocaRatoncity",0.12,0.18,0.56
46,"SiouxFallscity",0.27,0.27,0.36
6,"Dinubacity",1,0.91,0.12
9,"Hartfordtown",0.62,0.72,0.22
1,"Saralandcity",0.32,0.46,0.13
49,"Bountifulcity",0.05,0.12,0.49
25,"Sharontown",0.06,0.08,0.84
12,"Ocoeecity",0.37,0.5,0.13
48,"Donnacity",1,1,0.12
34,"RiverEdgeborough",0.18,0.22,0.64
6,"Stantoncity",0.47,0.51,0.21
1,"Hartsellecity",0.48,0.51,0.21
51,"Radfordcity",0.41,0.42,0.47
6,"Breacity",0.15,0.2,0.5
9,"SouthWindsortown",0.12,0.18,0.51
42,"Yorktownship",0.29,0.33,0.36
50,"Rutlandcity",0.29,0.38,0.3
25,"Norwoodtown",0.15,0.22,0.43
47,"Athenscity",0.79,0.71,0.27
6,"Saratogacity",0.05,0.05,0.96
6,"Arcadiacity",0.16,0.17,0.59
18,"Huntingtoncity",0.24,0.44,0.18
48,"SanBenitocity",1,0.96,0.13
29,"Ballwincity",0.09,0.14,0.59
37,"Raleighcity",0.16,0.21,0.66
48,"FortWorthcity",0.42,0.49,0.34
41,"GrantsPasscity",0.26,0.41,0.21
6,"RedondoBeachcity",0.09,0.14,0.66
1,"Hueytowncity",0.27,0.42,0.13
13,"Atlantacity",0.37,0.52,0.42
6,"Bellcity",1,1,0.04
25,"Bostoncity",0.35,0.41,0.48
6,"YubaCitycity",0.38,0.44,0.25
34,"Mantuatownship",0.19,0.38,0.28
49,"WestJordancity",0.09,0.22,0.24
44,"CentralFallscity",0.85,0.95,0.07
51,"Roanokecity",0.47,0.56,0.24
39,"Youngstowncity",0.36,0.6,0.11
47,"Chattanoogacity",0.44,0.54,0.28
27,"Hopkinscity",0.17,0.2,0.41
12,"Daniacity",0.47,0.7,0.17
55,"NewBerlincity",0.11,0.14,0.46
39,"WarrensvilleHeightscity",0.19,0.39,0.18
6,"ElCajoncity",0.23,0.36,0.22
42,"Philadelphiacity",0.39,0.63,0.23
12,"Rockledgecity",0.13,0.23,0.33
53,"Bremertoncity",0.22,0.3,0.19
34,"Freeholdtownship",0.18,0.23,0.55
4,"Prescottcity",0.18,0.27,0.37
6,"HuntingtonParkcity",1,1,0.06
53,"Yakimacity",0.48,0.5,0.25
6,"Cupertinocity",0.06,0.06,0.86
39,"Masoncity",0.18,0.26,0.32
51,"Portsmouthcity",0.43,0.58,0.17
6,"NationalCitycity",0.73,0.73,0.13
13,"Augustacity",0.72,0.76,0.27
47,"Gallatincity",0.59,0.63,0.17
48,"Dallascity",0.42,0.46,0.43
34,"Bridgewatertownship",0.16,0.17,0.67
39,"Marioncity",0.33,0.53,0.13
48,"Pasadenacity",0.43,0.52,0.16
6,"BellGardenscity",1,1,0
6,"Coltoncity",0.42,0.51,0.2
41,"Albanycity",0.2,0.31,0.18
41,"Hermistoncity",0.38,0.48,0.17
23,"Gorhamtown",0.13,0.22,0.41
6,"NewportBeachcity",0.03,0.05,0.83
51,"Charlottesvilledistrict",0.15,0.17,0.72
39,"Alliancecity",0.31,0.49,0.18
40,"McAlestercity",0.46,0.61,0.17
12,"WinterParkcity",0.14,0.18,0.71
42,"Lansdowneborough",0.11,0.19,0.48
21,"FortThomascity",0.16,0.23,0.48
39,"Springfieldcity",0.33,0.55,0.16
27,"CottageGrovecity",0.05,0.1,0.3
48,"Georgetowncity",0.44,0.46,0.37
21,"Somersetcity",1,0.77,0.23
9,"Bloomfieldtown",0.24,0.31,0.5
6,"Covinacity",0.18,0.29,0.25
29,"BlueSpringscity",0.08,0.15,0.38
48,"Pampacity",0.4,0.51,0.19
34,"Oceantownship",0.13,0.22,0.56
33,"Portsmouthcity",0.12,0.17,0.42
41,"LakeOswegocity",0.03,0.03,0.89
6,"PacificGrovecity",0.12,0.16,0.58
6,"Lawndalecity",0.47,0.53,0.19
42,"Carlisleborough",0.35,0.42,0.44
42,"Radnortownship",0.08,0.09,0.96
6,"Comptoncity",0.88,0.87,0.08
13,"Maconcity",0.54,0.63,0.23
39,"Norwalkcity",0.3,0.45,0.17
6,"Downeycity",0.31,0.4,0.25
48,"Grovescity",0.21,0.32,0.18
12,"MiamiShoresvillage",0.17,0.24,0.6
22,"Gretnacity",0.62,0.7,0.11
39,"Norwoodcity",0.46,0.67,0.11
12,"RoyalPalmBeachvillage",0.16,0.25,0.33
37,"Lumbertoncity",0.61,0.68,0.29
42,"Swissvaleborough",0.31,0.37,0.33
33,"Durhamtown",0.02,0.01,1
23,"Portlandcity",0.23,0.27,0.48
48,"Planocity",0.08,0.09,0.76
51,"Alexandriacity",0.2,0.21,0.8
25,"Amesburytown",0.29,0.34,0.34
37,"Shelbycity",0.58,0.69,0.24
28,"Tupelocity",0.27,0.41,0.34
6,"Danvillecity",0.03,0.04,0.79
24,"Greenbeltcity",0.08,0.12,0.73
38,"Dickinsoncity",0.61,0.43,0.26
44,"Warwickcity",0.2,0.37,0.33
39,"Nortoncity",0.22,0.39,0.21
50,"SouthBurlingtoncity",0.1,0.13,0.64
48,"DelRiocity",1,0.84,0.16
6,"Dublincity",0.06,0.22,0.38
21,"Owensborocity",0.44,0.49,0.23
55,"StevensPointcity",0.39,0.33,0.38
25,"Maynardtown",0.14,0.22,0.46
53,"Kennewickcity",0.2,0.29,0.31
39,"Wickliffecity",0.23,0.4,0.17
37,"Carrborotown",0.11,0.17,0.94
6,"Duartecity",0.41,0.46,0.35
19,"Bettendorfcity",0.09,0.15,0.55
48,"SanMarcoscity",0.7,0.56,0.44
41,"Bendcity",0.13,0.23,0.36
34,"Delrantownship",0.16,0.3,0.36
6,"GroverCitycity",0.27,0.39,0.23
9,"Plainvilletown",0.28,0.41,0.26
34,"Waterfordtownship",0.24,0.34,0.23
48,"Bryancity",0.42,0.45,0.43
12,"NewSmyrnaBeachcity",0.2,0.35,0.28
47,"Cookevillecity",0.61,0.53,0.39
6,"Portervillecity",0.79,0.69,0.18
1,"Dothancity",0.4,0.51,0.3
34,"Branchburgtownship",0.13,0.15,0.7
21,"Hopkinsvillecity",0.55,0.53,0.2
36,"Oswegocity",0.3,0.46,0.31
29,"Sedaliacity",0.5,0.54,0.16
47,"RedBankcity",0.27,0.41,0.28
34,"EastOrangecity",0.34,0.53,0.22
36,"Schenectadycity",0.29,0.43,0.27
49,"Murraycity",0.06,0.26,0.32
47,"McMinnvillecity",0.85,0.81,0.14
6,"Alhambracity",0.5,0.48,0.36
47,"Jacksoncity",0.46,0.57,0.26
34,"Phillipsburgtown",0.43,0.59,0.12
5,"PineBluffcity",0.5,0.6,0.25
34,"Parsippany-TroyHillstownship",0.18,0.23,0.54
37,"Garnertown",0.23,0.24,0.37
25,"Cambridgecity",0.24,0.25,0.89
44,"Johnstontown",0.37,0.58,0.2
1,"VestaviaHillscity",0.04,0.06,0.88
34,"Clarktownship",0.26,0.32,0.37
34,"Hackensackcity",0.35,0.44,0.41
13,"LaGrangecity",0.7,0.75,0.25
55,"Greendalevillage",0.11,0.16,0.47
12,"Plantationcity",0.13,0.19,0.51
41,"Roseburgcity",0.24,0.4,0.24
12,"PalmBaycity",0.17,0.29,0.26
55,"Onalaskacity",0.19,0.22,0.43
41,"CoosBaycity",0.26,0.39,0.21
42,"Hazletoncity",0.41,0.49,0.15
2,"Juneaucity",0.11,0.15,0.49
42,"Warringtontownship",0.07,0.15,0.43
34,"Neptunetownship",0.26,0.37,0.32
34,"WestDeptfordtownship",0.18,0.34,0.28
22,"Jenningscity",0.75,0.73,0.14
48,"Corsicanacity",0.57,0.63,0.24
53,"Laceycity",0.11,0.18,0.38
41,"Milwaukiecity",0.14,0.24,0.27
29,"JeffersonCitycity",0.35,0.37,0.44
8,"ColoradoSpringsdivision",0.12,0.19,0.43
16,"Rexburgcity",0.16,0.18,0.31
12,"Palatkacity",0.6,0.72,0.12
6,"BuenaParkcity",0.27,0.4,0.24
53,"Olympiacity",0.11,0.17,0.54
54,"Weirtoncity",0.43,0.45,0.17
40,"Tahlequahcity",0.46,0.42,0.47
34,"Edisontownship",0.18,0.25,0.55
34,"MapleShadetownship",0.26,0.45,0.24
25,"Ipswichtown",0.15,0.21,0.54
44,"NorthSmithfieldtown",0.43,0.49,0.33
13,"Statesborocity",0.47,0.53,0.43
42,"Moontownship",0.12,0.15,0.47
28,"Hattiesburgcity",0.38,0.45,0.43
29,"Marshallcity",0.59,0.59,0.23
48,"LeagueCitycity",0.12,0.16,0.52
25,"Scituatetown",0.06,0.09,0.65
25,"Concordtown",0.09,0.1,0.92
6,"Rocklincity",0.09,0.16,0.42
12,"CocoaBeachcity",0.09,0.14,0.56
42,"Wilkinsburgborough",0.18,0.32,0.36
6,"Turlockcity",0.55,0.53,0.26
12,"PortOrangecity",0.18,0.34,0.23
9,"Newingtontown",0.3,0.33,0.4
44,"Tivertontown",0.46,0.51,0.3
42,"Shalertownship",0.2,0.29,0.33
12,"NorthPalmBeachvillage",0.06,0.15,0.5
6,"Atwatercity",0.36,0.39,0.21
39,"Steubenvillecity",0.43,0.54,0.2
6,"SanClementecity",0.11,0.14,0.52
9,"Greenwichtown",0.15,0.17,0.8
42,"Warwicktownship",0.3,0.38,0.3
48,"Mesquitecity",0.18,0.31,0.28
6,"SanPablocity",0.48,0.6,0.17
6,"Newarkcity",0.27,0.36,0.33
18,"Hammondcity",0.35,0.53,0.13
12,"PinellasParkcity",0.26,0.45,0.16
6,"Salinascity",0.81,0.66,0.19
37,"Lenoircity",0.64,0.74,0.17
35,"Farmingtoncity",0.19,0.34,0.28
39,"GroveCitycity",0.16,0.31,0.23
6,"LosAltoscity",0.03,0.04,0.98
6,"Daviscity",0.07,0.05,1
9,"Coventrytown",0.13,0.21,0.44
42,"OilCitycity",0.26,0.39,0.21
39,"Perrysburgcity",0.09,0.14,0.65
48,"Harlingencity",0.93,0.72,0.22
24,"Cambridgecity",0.66,0.69,0.14
4,"Flagstaffcity",0.16,0.2,0.53
37,"Wilsoncity",0.58,0.65,0.28
39,"Limacity",0.31,0.53,0.11
48,"Alicecity",0.83,0.74,0.15
42,"Bethlehemcity",0.3,0.43,0.32
4,"Douglascity",1,0.93,0.13
37,"Asheborocity",0.57,0.6,0.23
18,"Hobartcity",0.2,0.36,0.17
48,"EaglePasscity",1,1,0.12
5,"VanBurencity",0.57,0.62,0.14
45,"RockHillcity",0.57,0.65,0.27
12,"Sarasotacity",0.26,0.4,0.33
48,"Irvingcity",0.25,0.32,0.42
12,"Gainesvillecity",0.17,0.24,0.66
12,"LauderdaleLakescity",0.39,0.56,0.14
6,"Tularecity",0.65,0.69,0.11
48,"Kellercity",0.11,0.15,0.48
48,"FlowerMoundtown",0.03,0.08,0.58
13,"Mariettacity",0.24,0.31,0.45
48,"Benbrookcity",0.06,0.12,0.57
1,"Eufaulacity",0.59,0.66,0.24
37,"ChapelHilltown",0.11,0.09,1
39,"Miamisburgcity",0.32,0.39,0.23
21,"Murraycity",0.45,0.42,0.43
6,"Paradisetown",0.22,0.38,0.23
45,"Simpsonvilletown",0.27,0.36,0.34
6,"Pleasantoncity",0.05,0.09,0.6
40,"Muskogeecity",0.39,0.54,0.24
18,"Clarksvilletown",0.33,0.43,0.14
6,"Whittiercity",0.26,0.34,0.33
6,"WestCovinacity",0.22,0.32,0.32
42,"Whitehallborough",0.14,0.21,0.47
18,"Munstertown",0.17,0.19,0.54
6,"Rosevillecity",0.14,0.2,0.38
25,"Brooklinetown",0.1,0.09,1
42,"Towamencintownship",0.12,0.19,0.59
13,"Snellvillecity",0.11,0.19,0.34
46,"Brookingscity",0.34,0.25,0.56
5,"Conwaycity",0.39,0.4,0.44
1,"Madisoncity",0.08,0.1,0.8
47,"Millingtoncity",0.15,0.21,0.14
9,"Norwichtown",0.44,0.49,0.25
48,"SulphurSpringscity",0.45,0.64,0.18
24,"Hagerstowncity",0.46,0.61,0.14
55,"MountPleasanttown",0.26,0.34,0.33
18,"CrownPointcity",0.22,0.28,0.33
36,"SaratogaSpringscity",0.24,0.27,0.5
44,"Narragansetttown",0.11,0.2,0.6
6,"MissionViejocity",0.04,0.08,0.64
33,"Derrytown",0.13,0.22,0.4
6,"Haywardcity",0.31,0.4,0.26
34,"HighlandParkborough",0.2,0.25,0.8
55,"DePerecity",0.25,0.23,0.35
29,"KansasCitycity",0.24,0.36,0.35
34,"Holmdeltownship",0.19,0.19,0.77
21,"Independencecity",0.27,0.39,0.2
42,"Cumrutownship",0.25,0.37,0.38
36,"LongBeachcity",0.22,0.28,0.46
49,"Logancity",0.1,0.14,0.6
8,"Louisvillecity",0.09,0.1,0.7
9,"WestHartfordtown",0.2,0.2,0.76
1,"Tuskegeecity",0.47,0.48,0.44
16,"Pocatellocity",0.16,0.28,0.35
4,"Scottsdalecity",0.09,0.13,0.56
12,"Stuartcity",0.28,0.38,0.26
34,"Bernardstownship",0.11,0.09,0.9
25,"Northbridgetown",0.36,0.46,0.25
34,"Bloomfieldtownship",0.29,0.37,0.4
48,"Sweetwatercity",0.68,0.73,0.16
18,"Crawfordsvillecity",0.23,0.4,0.2
6,"SanRafaelcity",0.2,0.17,0.62
40,"ElkCitycity",0.45,0.58,0.19
54,"Fairmontcity",0.36,0.44,0.25
6,"Pacificacity",0.11,0.21,0.36
44,"Smithfieldtown",0.23,0.32,0.4
6,"Barstowcity",0.3,0.42,0.15
6,"LosGatostown",0.07,0.08,0.79
34,"SouthPlainfieldborough",0.25,0.32,0.29
55,"Middletoncity",0.12,0.1,0.69
25,"NorthAndovertown",0.13,0.15,0.66
48,"FarmersBranchcity",0.3,0.34,0.4
25,"Bedfordtown",0.06,0.09,0.7
16,"TwinFallscity",0.27,0.4,0.2
39,"Hilliardcity",0.14,0.31,0.34
36,"Oleancity",0.24,0.37,0.28
48,"Alvincity",0.37,0.45,0.2
1,"Homewoodcity",0.09,0.14,0.69
34,"Morristownship",0.13,0.13,0.87
34,"Pembertontownship",0.26,0.4,0.12
39,"Cincinnaticity",0.35,0.53,0.35
6,"Walnutcity",0.16,0.19,0.57
37,"Greenvillecity",0.32,0.35,0.55
48,"CopperasCovecity",0.13,0.19,0.21
6,"Coronadocity",0.07,0.07,0.64
25,"Uxbridgetown",0.33,0.4,0.31
18,"Connersvillecity",0.58,0.68,0.11
45,"Orangeburgcity",0.45,0.5,0.37
12,"SouthMiamicity",0.24,0.35,0.5
34,"Harrisontown",0.76,0.76,0.23
1,"Prichardcity",0.6,0.82,0.06
39,"Goshentownship",0.43,0.65,0.09
6,"WestHollywoodcity",0.2,0.24,0.61
42,"NewCastlecity",0.41,0.56,0.12
13,"Columbuscity",0.39,0.49,0.25
21,"Shivelycity",0.51,0.61,0.09
1,"Tuscaloosacity",0.39,0.48,0.44
19,"Indianolacity",0.2,0.23,0.34
9,"Berlintown",0.22,0.29,0.36
42,"Peterstownship",0.11,0.11,0.63
48,"LaPortecity",0.22,0.3,0.22
48,"Beaumontcity",0.34,0.42,0.31
4,"Gilberttown",0.1,0.13,0.47
12,"Casselberrycity",0.17,0.29,0.27
13,"Cartersvillecity",0.68,0.69,0.21
39,"Clevelandcity",0.43,0.73,0.11
25,"Northboroughtown",0.08,0.15,0.69
18,"Bedfordcity",0.36,0.53,0.16
34,"Plainfieldcity",0.37,0.49,0.29
34,"Uniontownship",0.36,0.43,0.34
25,"Holbrooktown",0.17,0.28,0.25
13,"CollegeParkcity",0.31,0.43,0.26
22,"Westwegocity",0.99,0.88,0.04
44,"Providencecity",0.57,0.66,0.34
23,"Augustacity",0.49,0.44,0.25
41,"OregonCitycity",0.21,0.32,0.19
23,"Watervillecity",0.42,0.44,0.35
21,"Winchestercity",0.67,0.66,0.17
39,"Jacksontownship",0.19,0.34,0.21
44,"NorthProvidencetown",0.35,0.51,0.32
42,"SouthWhitehalltownship",0.3,0.34,0.51
6,"UnionCitycity",0.32,0.38,0.32
34,"Veronatownship",0.09,0.16,0.69
25,"Hinghamtown",0.04,0.07,0.79
46,"Mitchellcity",0.49,0.42,0.23
39,"Urbanacity",0.27,0.45,0.18
13,"Valdostacity",0.39,0.53,0.33
37,"Grahamcity",0.45,0.59,0.19
55,"Marinettecity",0.33,0.42,0.18
34,"Princetonborough",0.24,0.18,1
37,"Thomasvillecity",0.67,0.76,0.14
5,"Rogerscity",0.28,0.38,0.23
8,"Sterlingcity",0.33,0.38,0.2
6,"Lynwoodcity",1,1,0.04
34,"WestMilfordtownship",0.17,0.24,0.4
55,"Waukeshacity",0.2,0.24,0.4
1,"Opelikacity",0.52,0.52,0.3
6,"LaMesacity",0.12,0.21,0.38
53,"Bellinghamcity",0.17,0.24,0.45
37,"Durhamcity",0.3,0.36,0.57
6,"Herculescity",0.13,0.14,0.56
39,"Daytoncity",0.37,0.55,0.18
39,"Stowcity",0.12,0.22,0.49
44,"Newportcity",0.2,0.26,0.52
51,"Herndontown",0.17,0.19,0.62
48,"Coppellcity",0.06,0.06,0.77
6,"Indiocity",1,0.86,0.13
9,"NewLondontown",0.38,0.42,0.28
25,"Longmeadowtown",0.07,0.07,0.85
6,"Albanycity",0.1,0.11,0.91
37,"Burlingtoncity",0.4,0.51,0.3
39,"Ashlandcity",0.24,0.4,0.28
6,"Glendoracity",0.15,0.27,0.35
6,"Sunnyvalecity",0.16,0.2,0.6
42,"Tredyffrintownship",0.05,0.06,0.97
22,"NewIberiacity",0.82,0.76,0.14
49,"Midvalecity",0.29,0.45,0.2
6,"Livermorecity",0.1,0.18,0.44
55,"Kaukaunacity",0.4,0.37,0.15
56,"Evanstoncity",0.15,0.22,0.25
45,"Greenwoodcity",0.66,0.76,0.21
18,"Noblesvillecity",0.23,0.31,0.47
25,"Medfieldtown",0.06,0.09,0.81
29,"Columbiacity",0.17,0.2,0.74
48,"ElPasocity",0.77,0.61,0.25
48,"Lancastercity",0.32,0.41,0.26
25,"Bellinghamtown",0.18,0.32,0.3
34,"Manchestertownship",0.46,0.6,0.14
8,"Longmontcity",0.21,0.25,0.32
48,"Gatesvillecity",0.48,0.69,0.09
34,"Manalapantownship",0.17,0.23,0.52
34,"NewProvidenceborough",0.16,0.14,0.8
25,"Framinghamtown",0.17,0.22,0.59
6,"Arcatacity",0.16,0.23,0.6
47,"Springfieldcity",0.68,0.71,0.15
37,"Edencity",0.71,0.75,0.12
12,"PompanoBeachcity",0.33,0.45,0.28
55,"TwoRiverscity",0.36,0.41,0.16
34,"Moorestowntownship",0.17,0.19,0.74
11,"Washingtoncity",0.33,0.46,0.54
42,"Emmausborough",0.37,0.4,0.29
55,"Oconomowoccity",0.21,0.26,0.33
6,"SanCarloscity",0.08,0.12,0.58
42,"Manheimtownship",0.25,0.28,0.53
54,"Moundsvillecity",0.49,0.62,0.12
55,"Madisoncity",0.13,0.14,0.69
28,"Pascagoulacity",0.31,0.45,0.25
42,"Coatesvillecity",0.34,0.57,0.14
21,"Newportcity",0.75,0.82,0.11
12,"MiamiSpringscity",0.3,0.39,0.3
6,"Escondidocity",0.34,0.37,0.28
6,"Hawthornecity",0.37,0.45,0.24
29,"Bridgetoncity",0.22,0.31,0.37
6,"ChulaVistacity",0.33,0.41,0.27
6,"PalmDesertcity",0.13,0.22,0.37
6,"SanJosecity",0.37,0.39,0.4
25,"Newtoncity",0.12,0.12,0.94
55,"Shorewoodvillage",0.11,0.11,0.89
40,"Claremorecity",0.32,0.43,0.23
6,"SanJacintocity",0.57,0.69,0.1
48,"Robstowncity",1,1,0.08
37,"Carytown",0.04,0.06,0.8
6,"LaQuintacity",0.23,0.31,0.33
39,"Sharonvillecity",0.23,0.33,0.34
49,"SaltLakeCitycity",0.16,0.28,0.49
12,"Venicecity",0.21,0.32,0.37
41,"Springfieldcity",0.24,0.38,0.16
6,"SimiValleycity",0.11,0.21,0.33
6,"Maderacity",0.98,0.85,0.12
12,"SafetyHarborcity",0.15,0.19,0.45
18,"Martinsvillecity",0.32,0.53,0.13
9,"Farmingtontown",0.15,0.17,0.71
1,"Scottsborocity",0.54,0.57,0.23
39,"ShakerHeightscity",0.05,0.1,1
25,"Webstertown",0.44,0.58,0.2
39,"Girardcity",0.33,0.5,0.19
18,"Bloomingtoncity",0.16,0.21,0.79
49,"Centervillecity",0,0.07,0.52
25,"NorthAdamscity",0.59,0.55,0.18
45,"Irmotown",0.02,0.06,0.58
21,"BowlingGreencity",0.53,0.49,0.37
8,"Bouldercity",0.07,0.06,0.97
34,"Lawrencetownship",0.17,0.19,0.73
55,"WestAlliscity",0.25,0.35,0.18
39,"Soloncity",0.11,0.17,0.62
53,"Rentoncity",0.12,0.23,0.34
34,"Vinelandcity",0.7,0.68,0.19
48,"Burlesoncity",0.19,0.41,0.16
34,"Pleasantvillecity",0.39,0.59,0.18
39,"Nilescity",0.29,0.49,0.16
51,"Martinsvillecity",0.64,0.65,0.24
25,"Atholtown",0.3,0.43,0.18
53,"Bothellcity",0.08,0.15,0.43
37,"Kernersvilletown",0.4,0.44,0.26
48,"SanAntoniocity",0.59,0.54,0.28
25,"Wakefieldtown",0.14,0.21,0.41
34,"Livingstontownship",0.12,0.13,0.86
44,"Middletowntown",0.19,0.24,0.44
42,"BeaverFallscity",0.44,0.58,0.13
6,"Hesperiacity",0.3,0.5,0.09
42,"Butlercity",0.38,0.47,0.16
4,"SierraVistacity",0.1,0.14,0.38
48,"Schertzcity",0.29,0.33,0.23
22,"Lafayettecity",0.42,0.42,0.44
42,"LowerSalfordtownship",0.23,0.29,0.42
5,"Searcycity",0.45,0.49,0.34
39,"Sylvaniatownship",0.11,0.17,0.58
39,"Worthingtoncity",0.04,0.07,0.9
18,"Highlandtown",0.17,0.25,0.29
9,"Westporttown",0.06,0.09,1
48,"Lewisvillecity",0.18,0.25,0.41
40,"Chickashacity",0.47,0.59,0.28
34,"EggHarbortownship",0.21,0.39,0.22
18,"Griffithtown",0.19,0.29,0.2
1,"Bessemercity",0.58,0.75,0.09
6,"Fremontcity",0.15,0.21,0.48
25,"Naticktown",0.09,0.14,0.69
40,"Normancity",0.14,0.2,0.62
28,"Ridgelandcity",0.09,0.12,0.76
34,"Princetontownship",0.11,0.06,1
13,"Douglascity",0.53,0.67,0.24
6,"MountainViewcity",0.22,0.21,0.66
34,"Tenaflyborough",0.11,0.12,0.91
6,"Burbankcity",0.29,0.34,0.36
36,"Lockportcity",0.3,0.45,0.21
34,"Eatontownborough",0.2,0.24,0.42
6,"SierraMadrecity",0.09,0.11,0.65
44,"Bristoltown",0.65,0.61,0.31
55,"OakCreekcity",0.21,0.31,0.24
12,"Miamicity",1,0.94,0.19
21,"Ashlandcity",0.41,0.52,0.21
48,"Dentoncity",0.3,0.3,0.59
34,"LincolnParkborough",0.31,0.28,0.48
6,"SanBrunocity",0.19,0.26,0.33
33,"Concordcity",0.18,0.25,0.45
42,"Columbiaborough",0.42,0.68,0.1
9,"Milfordtown",0.21,0.3,0.37
6,"CathedralCitycity",0.49,0.53,0.19
25,"Bridgewatertown",0.16,0.28,0.34
47,"Franklincity",0.37,0.39,0.46
22,"Slidellcity",0.23,0.32,0.37
6,"Cudahycity",1,1,0.02
23,"Sacocity",0.31,0.32,0.32
9,"Orangetown",0.14,0.17,0.7
13,"Moultriecity",0.81,0.81,0.2
13,"Roswellcity",0.09,0.1,0.75
25,"NewBedfordcity",1,0.9,0.14
47,"EastRidgecity",0.3,0.41,0.24
42,"Johnstowncity",0.5,0.63,0.1
42,"Chestercity",0.46,0.67,0.1
48,"LakeJacksoncity",0.1,0.14,0.54
5,"FortSmithcity",0.33,0.46,0.26
6,"Hemetcity",0.39,0.57,0.13
4,"ParadiseValleytown",0.04,0.04,0.97
6,"Oaklandcity",0.41,0.44,0.43
6,"Reedleycity",1,0.82,0.15
6,"Auburncity",0.17,0.24,0.42
6,"ArroyoGrandecity",0.14,0.26,0.3
42,"Northamptontownship",0.09,0.12,0.6
51,"Hamptoncity",0.23,0.34,0.3
6,"WestSacramentocity",0.48,0.59,0.12
1,"Sylacaugacity",0.48,0.6,0.27
12,"LighthousePointcity",0.19,0.24,0.44
36,"Dunkirkcity",0.43,0.51,0.15
6,"Vallejocity",0.23,0.32,0.3
29,"Kennettcity",0.83,0.81,0.16
6,"SouthGatecity",1,1,0.06
6,"HermosaBeachcity",0.02,0.04,0.91
42,"UpperGwyneddtownship",0.13,0.19,0.67
9,"Simsburytown",0.09,0.06,0.92
41,"Medfordcity",0.2,0.3,0.28
19,"Dubuquecity",0.32,0.36,0.3
55,"Whitewatercity",0.28,0.29,0.59
8,"Broomfieldcity",0.05,0.11,0.45
39,"Westlakecity",0.09,0.15,0.61
12,"LakeWorthcity",0.49,0.57,0.18
48,"Duncanvillecity",0.12,0.2,0.47
45,"Florencecity",0.57,0.54,0.36
6,"Brawleycity",1,0.87,0.14
34,"Ramseyborough",0.06,0.09,0.77
12,"Miramarcity",0.21,0.37,0.23
25,"Miltontown",0.08,0.11,0.7
6,"SantaAnacity",1,0.9,0.15
25,"Saugustown",0.19,0.32,0.25
40,"Woodwardcity",0.34,0.46,0.21
33,"Somersworthcity",0.41,0.43,0.2
8,"Lafayettecity",0.18,0.24,0.45
48,"Athenscity",0.62,0.61,0.24
42,"Scotttownship",0.21,0.28,0.48
34,"Middletownship",0.38,0.52,0.17
25,"Watertowntown",0.28,0.26,0.68
13,"EastPointcity",0.33,0.48,0.28
34,"OldBridgetownship",0.17,0.27,0.38
42,"Hilltowntownship",0.16,0.27,0.37
18,"Vincennescity",0.39,0.48,0.2
12,"Tallahasseecity",0.19,0.23,0.66
34,"Madisonborough",0.21,0.19,0.81
53,"Longviewcity",0.25,0.37,0.19
44,"Barringtontown",0.09,0.17,0.76
12,"CoralGablescity",0.16,0.15,0.81
34,"Hopatcongborough",0.14,0.22,0.32
53,"Puyallupcity",0.21,0.27,0.27
22,"Eunicecity",0.83,0.8,0.16
34,"CityofOrangetownship",0.48,0.6,0.28
6,"AgouraHillscity",0.05,0.09,0.72
25,"Randolphtown",0.15,0.25,0.34
41,"Portlandcity",0.19,0.28,0.41
42,"Newberrytownship",0.28,0.38,0.21
25,"Hudsontown",0.31,0.39,0.37
34,"Haddonfieldborough",0.07,0.13,0.92
48,"TheColonycity",0.08,0.15,0.34
6,"PortHuenemecity",0.32,0.35,0.24
22,"WestMonroecity",0.4,0.5,0.26
55,"Brookfieldcity",0.11,0.13,0.68
39,"Ketteringcity",0.14,0.21,0.46
6,"Lompoccity",0.31,0.36,0.21
39,"UpperArlingtoncity",0.04,0.04,0.98
29,"Fultoncity",0.55,0.59,0.24
48,"Midlandcity",0.32,0.37,0.46
41,"Greshamcity",0.17,0.27,0.24
34,"Kearnytown",0.52,0.55,0.23
34,"Secaucustown",0.33,0.45,0.38
42,"Swataratownship",0.34,0.4,0.23
34,"Middletowntownship",0.16,0.24,0.48
4,"BullheadCitycity",0.19,0.47,0.14
36,"Ogdensburgcity",0.37,0.56,0.17
36,"Goshentown",0.32,0.38,0.38
25,"Hulltown",0.12,0.23,0.31
44,"Woonsocketcity",0.69,0.78,0.13
9,"Plymouthtown",0.35,0.43,0.21
42,"Bristolborough",0.52,0.67,0.12
6,"Moorparkcity",0.24,0.23,0.45
13,"Tiftoncity",0.47,0.6,0.29
39,"NorthCantoncity",0.13,0.19,0.48
40,"Shawneecity",0.4,0.53,0.21
6,"Bakersfieldcity",0.27,0.38,0.31
55,"Oshkoshcity",0.29,0.36,0.31
34,"Ringwoodborough",0.06,0.16,0.51
34,"Laceytownship",0.26,0.39,0.21
42,"Pittsburghcity",0.31,0.47,0.31
19,"Ankenycity",0.06,0.08,0.47
19,"Waterloocity",0.28,0.37,0.21
9,"Danburytown",0.34,0.4,0.43
9,"Trumbulltown",0.26,0.26,0.58
25,"Shrewsburytown",0.13,0.2,0.59
48,"Tylercity",0.33,0.39,0.39
6,"PleasantHillcity",0.08,0.1,0.57
1,"Alabastercity",0.27,0.37,0.39
48,"Marshallcity",0.43,0.55,0.24
6,"WalnutCreekcity",0.05,0.07,0.77
25,"Winchestertown",0.06,0.07,0.9
47,"Goodlettsvillecity",0.25,0.36,0.27
6,"Fontanacity",0.36,0.48,0.13
6,"Coronacity",0.36,0.41,0.28
41,"Astoriacity",0.22,0.3,0.25
34,"TintonFallsborough",0.14,0.15,0.67
13,"Bainbridgecity",0.62,0.71,0.23
22,"NewOrleanscity",0.45,0.56,0.35
6,"SanMateocity",0.22,0.24,0.48
34,"Summitcity",0.16,0.16,0.88
48,"Longviewcity",0.26,0.38,0.29
34,"Rockawaytownship",0.09,0.16,0.58
39,"Lakewoodcity",0.17,0.26,0.46
42,"BethelParkborough",0.11,0.15,0.54
48,"Huntsvillecity",0.33,0.46,0.34
6,"EastPaloAltocity",0.73,0.7,0.24
48,"Odessacity",0.49,0.53,0.2
34,"NorthBrunswicktownship",0.21,0.26,0.53
1,"Selmacity",0.57,0.7,0.24
28,"Grenadacity",0.75,0.78,0.21
6,"Norcocity",0.16,0.41,0.15
55,"FortAtkinsoncity",0.27,0.31,0.34
25,"Dartmouthtown",0.66,0.58,0.34
6,"Martinezcity",0.1,0.18,0.47
6,"PalmSpringscity",0.27,0.39,0.32
1,"Daphnecity",0.11,0.17,0.57
48,"SugarLandcity",0.11,0.13,0.7
39,"Fremontcity",0.3,0.46,0.15
5,"HotSpringscity",0.51,0.63,0.2
51,"Viennatown",0.15,0.15,0.74
6,"Fresnocity",0.55,0.54,0.3
25,"Gloucestercity",0.29,0.42,0.32
6,"Lomitacity",0.24,0.35,0.31
29,"Mexicocity",0.52,0.52,0.21
1,"Jacksonvillecity",0.39,0.43,0.48
6,"Hanfordcity",0.45,0.5,0.18
6,"Oakdalecity",0.42,0.54,0.14
5,"Blythevillecity",0.59,0.59,0.2
18,"NewCastlecity",0.57,0.64,0.11
12,"Margatecity",0.24,0.44,0.18
22,"Alexandriacity",0.48,0.55,0.28
34,"Woodburycity",0.33,0.47,0.31
9,"Wiltontown",0.07,0.06,1
16,"Moscowcity",0.12,0.1,0.8
5,"ElDoradocity",0.37,0.57,0.25
40,"ElRenocity",0.38,0.48,0.14
47,"Dyersburgcity",0.87,0.8,0.18
34,"WestCaldwelltownship",0.19,0.17,0.68
48,"McAllencity",1,0.75,0.3
39,"Fairfieldcity",0.17,0.24,0.41
39,"Readingcity",0.37,0.47,0.22
40,"Tulsacity",0.17,0.29,0.41
6,"Montclaircity",0.4,0.56,0.14
41,"McMinnvillecity",0.26,0.32,0.3
12,"CapeCoralcity",0.18,0.31,0.23
22,"Crowleycity",0.88,0.83,0.16
51,"Harrisonburgcity",0.35,0.39,0.46
6,"Clearlakecity",0.36,0.68,0.06
4,"Phoenixcity",0.3,0.36,0.31
51,"Poquosoncity",0.18,0.25,0.47
25,"Methuentown",0.4,0.45,0.29
39,"Springdalecity",0.22,0.29,0.37
5,"Sherwoodcity",0.08,0.2,0.37
39,"Dublincity",0.01,0,0.96
34,"SomersPointcity",0.21,0.36,0.32
40,"Ardmorecity",0.36,0.48,0.24
48,"Victoriacity",0.52,0.51,0.24
23,"Scarboroughtown",0.16,0.18,0.46
48,"Canyoncity",0.18,0.23,0.64
54,"Wheelingcity",0.39,0.43,0.29
6,"LagunaBeachcity",0.08,0.07,0.8
48,"BalchSpringscity",0.46,0.63,0.07
32,"Hendersoncity",0.14,0.29,0.27
42,"Plainstownship",0.52,0.54,0.18
48,"Nacogdochescity",0.39,0.47,0.41
9,"Brookfieldtown",0.1,0.14,0.67
12,"TarponSpringscity",0.3,0.44,0.23
34,"OceanCitycity",0.11,0.22,0.42
4,"Glendalecity",0.23,0.29,0.27
55,"Neenahcity",0.2,0.26,0.32
19,"Boonecity",0.28,0.28,0.23
42,"UpperChichestertownship",0.23,0.36,0.21
25,"Swampscotttown",0.07,0.12,0.72
48,"Shermancity",0.31,0.42,0.3
45,"MountPleasanttown",0.1,0.14,0.68
54,"SouthCharlestoncity",0.22,0.29,0.36
32,"LasVegascity",0.23,0.4,0.2
55,"Wausaucity",0.5,0.42,0.27
25,"Somervillecity",0.38,0.42,0.5
39,"Tiffincity",0.28,0.4,0.2
48,"Richardsoncity",0.06,0.09,0.75
53,"Anacortescity",0.22,0.31,0.23
42,"Muhlenbergtownship",0.35,0.49,0.21
23,"Westbrookcity",0.25,0.35,0.2
25,"Danverstown",0.14,0.21,0.42
6,"Rosemeadcity",0.9,0.82,0.14
48,"Jacksonvillecity",0.67,0.69,0.2
48,"NorthRichlandHillscity",0.11,0.21,0.35
12,"MiamiBeachcity",0.58,0.6,0.33
39,"BedfordHeightscity",0.16,0.42,0.19
34,"Metuchenborough",0.19,0.23,0.61
9,"NewCanaantown",0.06,0.06,1
56,"RockSpringscity",0.19,0.29,0.22
42,"Yeadonborough",0.18,0.33,0.4
54,"Martinsburgcity",0.5,0.56,0.26
47,"Clarksvillecity",0.25,0.31,0.29
48,"Beltoncity",0.66,0.66,0.19
25,"FallRivercity",1,0.95,0.12
42,"Montgomerytownship",0.12,0.19,0.58
34,"Camdencity",0.69,0.9,0.08
48,"Nederlandcity",0.17,0.25,0.21
29,"RichmondHeightscity",0.22,0.23,0.67
48,"Herefordcity",0.88,0.77,0.17
9,"WindsorLockstown",0.26,0.38,0.25
6,"Milpitascity",0.25,0.32,0.4
48,"Terrellcity",0.47,0.65,0.21
55,"Menomoniecity",0.44,0.33,0.49
6,"SantaPaulacity",0.8,0.71,0.14
6,"Fairfieldcity",0.16,0.26,0.23
46,"Pierrecity",0.26,0.24,0.45
42,"Altoonacity",0.32,0.46,0.13
6,"Rialtocity",0.29,0.46,0.14
5,"Springdalecity",0.45,0.52,0.2
28,"Jacksoncity",0.31,0.43,0.43
28,"McCombcity",0.54,0.63,0.24
37,"ElizabethCitycity",0.62,0.63,0.22
9,"Suffieldtown",0.15,0.19,0.49
53,"MosesLakecity",0.45,0.45,0.22
39,"Kentcity",0.14,0.22,0.54
6,"LaPalmacity",0.11,0.17,0.51
38,"Jamestowncity",0.55,0.41,0.3
6,"LosAlamitoscity",0.17,0.22,0.47
34,"Roxburytownship",0.18,0.22,0.48
36,"Binghamtoncity",0.34,0.45,0.31
12,"PanamaCitycity",0.42,0.51,0.26
25,"Weymouthtown",0.1,0.19,0.34
18,"Jaspercity",0.51,0.43,0.25
12,"DaytonaBeachcity",0.3,0.45,0.25
51,"Hopewellcity",0.43,0.57,0.14
39,"NewPhiladelphiacity",0.29,0.39,0.14
48,"UniversityParkcity",0.02,0.01,1
34,"Roselleborough",0.25,0.38,0.31
45,"Sumtercity",0.35,0.37,0.32
48,"Cleburnecity",0.43,0.54,0.2
34,"Florencetownship",0.38,0.43,0.22
9,"Monroetown",0.13,0.16,0.59
34,"Aberdeentownship",0.2,0.28,0.45
6,"Maywoodcity",1,1,0
40,"PoncaCitycity",0.25,0.33,0.34
48,"Waxahachiecity",0.41,0.51,0.25
25,"Hollistontown",0.07,0.08,0.67
25,"Milfordtown",0.36,0.4,0.37
49,"CedarCitycity",0.1,0.17,0.43
34,"FairLawnborough",0.22,0.31,0.49
34,"Teanecktownship",0.15,0.2,0.67
12,"Largocity",0.21,0.39,0.21
27,"Robbinsdalecity",0.19,0.25,0.3
9,"Derbytown",0.38,0.49,0.23
6,"SanFernandocity",1,1,0.06
29,"Kirkwoodcity",0.17,0.18,0.7
18,"BeechGrovecity",0.25,0.39,0.15
6,"Claremontcity",0.06,0.1,0.84
29,"Washingtoncity",0.58,0.43,0.21
34,"Piscatawaytownship",0.2,0.25,0.51
41,"WestLinncity",0.06,0.11,0.59
39,"Hamiltoncity",0.42,0.58,0.14
25,"Fitchburgcity",0.46,0.54,0.2
39,"Vermilioncity",0.18,0.32,0.26
42,"Hanoverborough",0.61,0.6,0.17
9,"Torringtontown",0.44,0.47,0.24
55,"Janesvillecity",0.21,0.31,0.24
34,"Voorheestownship",0.19,0.19,0.66
48,"MountPleasantcity",0.57,0.67,0.2
37,"Sanfordcity",0.42,0.51,0.22
1,"MountainBrookcity",0.02,0.02,1
44,"Portsmouthtown",0.2,0.22,0.56
48,"PortLavacacity",0.67,0.62,0.16
12,"DelrayBeachcity",0.33,0.43,0.34
25,"Westontown",0.04,0.02,1
34,"Millburntownship",0.1,0.1,1
12,"Dunedincity",0.18,0.3,0.29
6,"Stocktoncity",0.61,0.58,0.23
36,"Greenburghtown",0.16,0.19,0.76
48,"Plainviewcity",0.69,0.66,0.21
34,"ElmwoodParkborough",0.51,0.56,0.23
34,"VentnorCitycity",0.19,0.34,0.23
36,"Rochestercity",0.38,0.54,0.29
53,"Redmondcity",0.06,0.07,0.67
6,"Placentiacity",0.33,0.3,0.48
35,"Hobbscity",0.55,0.59,0.2
34,"Montclairtownship",0.14,0.2,0.81
6,"Cerescity",0.42,0.57,0.12
41,"Corvalliscity",0.08,0.11,0.8
55,"MenomoneeFallsvillage",0.23,0.24,0.31
34,"NorthBergentownship",0.63,0.62,0.28
1,"Mobilecity",0.31,0.43,0.34
22,"Houmacity",0.66,0.66,0.19
12,"Oviedocity",0.08,0.14,0.56
18,"TerreHautecity",0.3,0.48,0.24
25,"Ashlandtown",0.11,0.16,0.59
8,"Arvadacity",0.1,0.18,0.4
6,"Corcorancity",0.64,0.75,0.06
34,"Hillsidetownship",0.4,0.49,0.26
25,"Walpoletown",0.1,0.17,0.51
6,"SanLeandrocity",0.25,0.34,0.26
9,"Watertowntown",0.34,0.4,0.31
49,"PleasantGrovecity",0.05,0.22,0.32
13,"PeachtreeCitycity",0.07,0.07,0.62
9,"Avontown",0.1,0.1,0.86
34,"Jeffersontownship",0.17,0.2,0.4
2,"Anchoragecity",0.09,0.14,0.43
25,"WestSpringfieldtown",0.22,0.36,0.3
34,"Morristowntown",0.3,0.36,0.52
27,"Northfieldcity",0.26,0.25,0.58
48,"Templecity",0.38,0.45,0.32
48,"SanJuancity",1,1,0.1
18,"Greenwoodcity",0.19,0.28,0.29
48,"Lamesacity",0.98,0.87,0.11
39,"Salemcity",0.24,0.45,0.13
25,"Franklintown",0.12,0.19,0.49
12,"Eustiscity",0.35,0.52,0.24
42,"Scrantoncity",0.38,0.51,0.2
6,"Oxnardcity",0.82,0.68,0.19
34,"Bergenfieldborough",0.24,0.29,0.38
6,"Perriscity",0.52,0.63,0.1
37,"Albemarlecity",0.6,0.7,0.18
47,"Memphiscity",0.37,0.51,0.27
18,"Lawrencecity",0.17,0.35,0.27
34,"RidgefieldParkvillage",0.29,0.36,0.33
34,"Hammontontown",0.65,0.6,0.22
55,"Germantownvillage",0.14,0.2,0.34
22,"Monroecity",0.49,0.55,0.38
24,"Frederickcity",0.29,0.37,0.38
53,"MountVernoncity",0.22,0.3,0.27
34,"Hillsboroughtownship",0.1,0.12,0.71
6,"Hillsboroughtown",0.04,0.03,0.94
6,"Orangecity",0.28,0.3,0.41
13,"Waycrosscity",0.7,0.78,0.16
39,"Mentorcity",0.11,0.22,0.35
34,"WestNewYorktown",1,0.9,0.18
6,"MillValleycity",0.04,0.03,0.98
48,"LiveOakcity",0.12,0.11,0.33
35,"Portalescity",0.64,0.67,0.33
42,"Fallstownship",0.15,0.29,0.22
51,"Manassascity",0.21,0.26,0.41
6,"PalosVerdesEstatescity",0.06,0.04,1
6,"Mantecacity",0.32,0.43,0.14
53,"Tacomacity",0.23,0.35,0.24
25,"Harwichtown",0.1,0.19,0.41
36,"Kingstoncity",0.45,0.54,0.29
1,"Athenscity",0.51,0.59,0.32
45,"Greercity",0.93,0.94,0.13
53,"WallaWallacity",0.3,0.35,0.25
37,"Goldsborocity",0.41,0.43,0.24
22,"LakeCharlescity",0.52,0.53,0.28
41,"Salemcity",0.23,0.31,0.34
34,"Hobokencity",0.6,0.52,0.65
36,"Syracusecity",0.38,0.5,0.35
12,"Sunrisecity",0.21,0.35,0.26
10,"Dovercity",0.21,0.29,0.42
29,"Crestwoodcity",0.18,0.27,0.47
9,"Clintontown",0.1,0.22,0.42
34,"Brigantinecity",0.16,0.31,0.33
25,"Gardnercity",0.55,0.56,0.21
34,"GlenRockborough",0.05,0.07,0.88
25,"Westwoodtown",0.1,0.1,0.76
34,"Jacksontownship",0.22,0.34,0.25
42,"Middletowntownship",0.15,0.24,0.42
28,"Starkvillecity",0.27,0.34,0.67
34,"Bridgetoncity",0.58,0.73,0.13
39,"Troycity",0.26,0.4,0.26
33,"Laconiacity",0.29,0.39,0.27
6,"AppleValleytown",0.15,0.33,0.23
25,"Pittsfieldcity",0.23,0.37,0.3
48,"Grapevinecity",0.1,0.16,0.57
34,"Haddontownship",0.17,0.28,0.42
33,"Merrimacktown",0.07,0.13,0.53
6,"Palmdalecity",0.18,0.34,0.2
6,"ElSegundocity",0.1,0.14,0.52
6,"GardenGrovecity",0.39,0.44,0.25
34,"CliffsideParkborough",0.47,0.43,0.42
22,"Shreveportcity",0.34,0.44,0.31
21,"Danvillecity",0.5,0.58,0.25
6,"Highlandcity",0.28,0.44,0.21
12,"DeerfieldBeachcity",0.3,0.44,0.25
36,"Uticacity",0.52,0.57,0.18
45,"Aikencity",0.33,0.35,0.53
6,"Fullertoncity",0.27,0.28,0.48
29,"Berkeleycity",0.37,0.5,0.11
27,"Minneapoliscity",0.22,0.29,0.49
21,"Florencecity",0.34,0.4,0.21
36,"Oneontacity",0.26,0.34,0.5
6,"Carpinteriacity",0.35,0.4,0.36
25,"Swanseatown",0.41,0.46,0.29
13,"Alpharettacity",0.07,0.1,0.6
9,"Windsortown",0.23,0.3,0.45
21,"Nicholasvillecity",0.54,0.62,0.15
23,"Auburncity",0.35,0.39,0.3
55,"Superiorcity",0.27,0.38,0.24
45,"WestColumbiacity",0.38,0.5,0.24
25,"Medfordcity",0.25,0.35,0.37
40,"Enidcity",0.29,0.41,0.27
6,"Pinolecity",0.13,0.23,0.32
5,"Bentoncity",0.48,0.52,0.21
40,"Stillwatercity",0.14,0.16,0.72
6,"Tracycity",0.31,0.39,0.18
34,"Totowaborough",0.59,0.56,0.25
55,"Fitchburgcity",0.08,0.1,0.61
12,"FortMyerscity",0.4,0.55,0.25
34,"Weehawkentownship",0.52,0.51,0.44
48,"CedarHillcity",0.14,0.22,0.45
48,"Lubbockcity",0.39,0.42,0.41
22,"Kennercity",0.3,0.38,0.33
56,"Sheridancity",0.29,0.34,0.26
6,"Montebellocity",0.7,0.69,0.22
1,"Jaspercity",0.48,0.62,0.26
40,"Edmondcity",0.08,0.14,0.71
55,"BeaverDamcity",0.42,0.41,0.22
53,"Kelsocity",0.34,0.47,0.12
35,"Roswellcity",0.5,0.53,0.23
51,"Chesapeakecity",0.27,0.39,0.26
6,"RanchoCucamongacity",0.15,0.22,0.33
16,"IdahoFallscity",0.17,0.26,0.41
55,"Monroecity",0.39,0.36,0.22
9,"Waterfordtown",0.25,0.3,0.35
12,"HainesCitycity",0.78,0.83,0.11
39,"Bexleycity",0.03,0.05,0.96
35,"Gallupcity",0.38,0.43,0.25
40,"BrokenArrowcity",0.11,0.15,0.39
24,"Laurelcity",0.12,0.21,0.59
48,"Missioncity",1,0.84,0.18
55,"Sheboygancity",0.39,0.42,0.2
47,"JohnsonCitycity",0.47,0.5,0.41
39,"Greenvillecity",0.33,0.48,0.16
48,"DeSotocity",0.11,0.18,0.47
37,"Ashevillecity",0.32,0.43,0.36
39,"ForestParkcity",0.12,0.24,0.38
55,"WisconsinRapidscity",0.38,0.36,0.18
39,"SevenHillscity",0.25,0.37,0.26
34,"Lakewoodtownship",0.39,0.47,0.26
45,"Columbiacity",0.31,0.41,0.51
48,"Rowlettcity",0.07,0.14,0.44
24,"Cumberlandcity",0.48,0.56,0.16
6,"Alamedacity",0.14,0.18,0.5
25,"Nortontown",0.17,0.27,0.35
49,"BrighamCitycity",0.13,0.26,0.35
5,"ForrestCitycity",0.69,0.68,0.18
4,"Chandlercity",0.19,0.23,0.42
32,"Sparkscity",0.17,0.29,0.24
36,"Amsterdamcity",0.43,0.55,0.18
36,"Canandaiguacity",0.26,0.34,0.34
42,"Brentwoodborough",0.23,0.31,0.25
6,"LaPuentecity",0.8,0.88,0.1
13,"Hinesvillecity",0.11,0.19,0.3
55,"Ashwaubenonvillage",0.18,0.19,0.28
24,"Salisburycity",0.36,0.48,0.31
25,"Somersettown",0.56,0.52,0.33
6,"Paramountcity",0.94,0.89,0.09
49,"Roycity",0.07,0.17,0.24
34,"Marlborotownship",0.08,0.14,0.72
6,"Piedmontcity",0.01,0.03,1
34,"Dumontborough",0.25,0.31,0.33
2,"Fairbankscity",0.14,0.22,0.28
47,"Brentwoodcity",0.02,0.05,0.9
6,"Azusacity",0.64,0.66,0.18
48,"Gainesvillecity",0.53,0.58,0.18
48,"DeerParkcity",0.14,0.25,0.23
55,"WhitefishBayvillage",0.04,0.04,1
12,"Kissimmeecity",0.27,0.41,0.2
48,"Humblecity",0.32,0.39,0.21
8,"Denvercity",0.26,0.35,0.47
9,"NewBritaintown",0.53,0.62,0.26
34,"Randolphtownship",0.1,0.12,0.79
6,"Hollistercity",0.79,0.65,0.17
23,"Oronotown",0.15,0.17,0.84
55,"ChippewaFallscity",0.54,0.44,0.19
53,"MercerIslandcity",0.02,0.02,1
4,"Mesacity",0.17,0.24,0.33
36,"Buffalocity",0.43,0.57,0.24
34,"Walltownship",0.16,0.26,0.43
25,"EastLongmeadowtown",0.17,0.25,0.39
1,"Gadsdencity",0.55,0.68,0.15
9,"Middletowntown",0.36,0.39,0.42
12,"PuntaGordacity",0.16,0.25,0.4
49,"SouthOgdencity",0.09,0.2,0.4
9,"Bridgeporttown",0.62,0.69,0.18
48,"TexasCitycity",0.39,0.49,0.14
34,"Wyckofftownship",0.15,0.15,0.75
33,"Nashuacity",0.22,0.28,0.46
21,"Radcliffcity",0.19,0.28,0.2
50,"Burlingtoncity",0.28,0.29,0.56
25,"SouthHadleytown",0.17,0.27,0.41
48,"Lufkincity",0.47,0.54,0.29
42,"Kingstonborough",0.28,0.34,0.37
34,"Lindenwoldborough",0.19,0.36,0.25
34,"Ewingtownship",0.27,0.35,0.41
48,"Angletoncity",0.25,0.33,0.22
33,"Goffstowntown",0.23,0.3,0.32
34,"GloucesterCitycity",0.44,0.64,0.08
18,"Speedwaytown",0.17,0.23,0.27
6,"TwentyninePalms-MorongoValle",0.21,0.41,0.16
55,"Mequoncity",0.12,0.1,0.8
40,"Yukoncity",0.19,0.25,0.3
55,"SouthMilwaukeecity",0.26,0.35,0.22
6,"SanRamoncity",0.03,0.05,0.7
34,"SouthBrunswicktownship",0.14,0.15,0.65
24,"Annapoliscity",0.23,0.33,0.53
22,"Natchitochescity",0.59,0.57,0.35
25,"Barnstabletown",0.09,0.17,0.45
21,"Madisonvillecity",0.64,0.57,0.23
5,"Arkadelphiacity",0.44,0.48,0.48
28,"Brandoncity",0.16,0.23,0.55
42,"LowerMorelandtownship",0.08,0.13,0.66
55,"Wauwatosacity",0.15,0.17,0.63
6,"BaldwinParkcity",0.94,0.88,0.14
12,"Lauderhillcity",0.18,0.35,0.3
40,"Adacity",0.44,0.51,0.37
42,"NorthHuntingdontownship",0.21,0.28,0.25
19,"Marshalltowncity",0.26,0.32,0.27
37,"Havelockcity",0.08,0.14,0.19
25,"Wilmingtontown",0.15,0.27,0.32
34,"Freeholdborough",0.36,0.45,0.34
5,"Texarkanacity",0.46,0.57,0.18
37,"Laurinburgcity",0.66,0.71,0.23
36,"Ryecity",0.09,0.15,0.84
8,"Northglenncity",0.12,0.28,0.21
32,"BoulderCitycity",0.13,0.28,0.35
37,"Boonetown",0.32,0.36,0.71
6,"Cerritoscity",0.12,0.16,0.6
18,"EastChicagocity",0.71,0.75,0.08
41,"Hillsborocity",0.27,0.3,0.3
19,"Davenportcity",0.24,0.36,0.31
34,"Spartatownship",0.06,0.09,0.7
48,"Friendswoodcity",0.06,0.1,0.56
48,"HarkerHeightscity",0.12,0.19,0.43
53,"Sunnysidecity",1,0.95,0.15
48,"Beevillecity",0.84,0.7,0.18
5,"Magnoliacity",0.45,0.54,0.27
6,"GrandTerracecity",0.09,0.19,0.43
39,"Strongsvillecity",0.08,0.16,0.49
48,"Arlingtoncity",0.12,0.19,0.48
25,"Westboroughtown",0.13,0.14,0.65
44,"SouthKingstowntown",0.15,0.23,0.63
12,"FortLauderdalecity",0.31,0.44,0.34
6,"Gilroycity",0.55,0.55,0.25
48,"McKinneycity",0.46,0.54,0.29
51,"ColonialHeightscity",0.3,0.37,0.26
48,"Carrolltoncity",0.14,0.15,0.61
48,"Orangecity",0.35,0.5,0.27
9,"Enfieldtown",0.22,0.36,0.27
34,"Pequannocktownship",0.23,0.23,0.46
51,"Christiansburgtown",0.56,0.55,0.26
51,"Suffolkcity",0.61,0.63,0.18
9,"Stoningtontown",0.27,0.33,0.42
6,"TempleCitycity",0.21,0.28,0.34
48,"Laredocity",1,0.91,0.17
32,"Renocity",0.18,0.3,0.35
34,"FortLeeborough",0.28,0.24,0.69
39,"Brecksvillecity",0.08,0.14,0.68
6,"Burlingamecity",0.16,0.18,0.54
29,"Beltoncity",0.18,0.32,0.17
51,"VirginiaBeachcity",0.1,0.19,0.41
21,"Elizabethtowncity",0.48,0.44,0.31
37,"Reidsvillecity",0.63,0.68,0.23
45,"Easleycity",0.58,0.63,0.25
13,"WarnerRobinscity",0.22,0.32,0.22
12,"Tampacity",0.39,0.51,0.29
33,"Dovercity",0.23,0.28,0.39
29,"Gladstonecity",0.14,0.19,0.36
6,"CostaMesacity",0.25,0.27,0.44
42,"Penntownship",0.26,0.29,0.33
48,"Seguincity",0.91,0.8,0.19
5,"NorthLittleRockcity",0.34,0.46,0.27
47,"Murfreesborocity",0.36,0.39,0.43
48,"Snydercity",0.52,0.63,0.16
56,"Gillettecity",0.08,0.17,0.28
12,"Nicevillecity",0.17,0.23,0.35
48,"BayCitycity",0.54,0.51,0.23
39,"Bellefontainecity",0.22,0.45,0.14
25,"Marshfieldtown",0.04,0.09,0.53
33,"Lebanoncity",0.2,0.29,0.43
53,"Edmondscity",0.07,0.14,0.5
42,"Calntownship",0.19,0.27,0.36
34,"Collingswoodborough",0.21,0.29,0.42
8,"Westminstercity",0.1,0.18,0.38
9,"Newtowntown",0.11,0.17,0.65
51,"Leesburgtown",0.26,0.28,0.46
6,"Glendalecity",0.4,0.39,0.46
27,"Shakopeecity",0.28,0.3,0.18
38,"Fargocity",0.19,0.17,0.49
55,"Muskegocity",0.13,0.21,0.28
29,"CreveCoeurcity",0.11,0.1,0.92
6,"Lancastercity",0.2,0.33,0.25
25,"Leicestertown",0.22,0.36,0.29
12,"Ocalacity",0.36,0.49,0.26
40,"Miamicity",0.4,0.5,0.21
51,"NewportNewscity",0.23,0.35,0.29
34,"Maplewoodtownship",0.18,0.19,0.79
12,"Melbournecity",0.21,0.35,0.29
45,"MyrtleBeachcity",0.13,0.26,0.34
56,"GreenRivercity",0.14,0.28,0.24
12,"VeroBeachcity",0.19,0.32,0.37
25,"Pepperelltown",0.13,0.19,0.49
42,"Richlandtownship",0.3,0.36,0.28
6,"Richmondcity",0.32,0.4,0.35
42,"Doylestowntownship",0.16,0.22,0.58
42,"Butlertownship",0.28,0.34,0.28
42,"Centertownship",0.15,0.3,0.29
21,"Jeffersontowncity",0.15,0.23,0.44
29,"Joplincity",0.37,0.47,0.25
9,"Vernontown",0.25,0.31,0.41
25,"Lexingtontown",0.07,0.07,0.97
6,"Berkeleycity",0.14,0.14,0.97
49,"AmericanForkcity",0.23,0.27,0.31
6,"Atascaderocity",0.11,0.22,0.32
48,"Pharrcity",1,1,0.12
39,"Lebanoncity",0.37,0.43,0.25
39,"Mariettacity",0.35,0.42,0.31
12,"NorthMiamicity",0.39,0.53,0.28
40,"Durantcity",0.49,0.54,0.38
12,"Leesburgcity",0.42,0.59,0.2
18,"Dyertown",0.21,0.24,0.23
51,"Norfolkcity",0.3,0.47,0.26
6,"Norwalkcity",0.56,0.62,0.14
42,"WestChesterborough",0.22,0.32,0.51
34,"Bricktownship",0.19,0.34,0.25
53,"Ellensburgcity",0.17,0.28,0.48
9,"Wallingfordtown",0.28,0.33,0.35
22,"Rustoncity",0.3,0.36,0.55
48,"MissouriCitycity",0.1,0.11,0.65
39,"Miamitownship",0.18,0.28,0.39
9,"Wethersfieldtown",0.32,0.33,0.45
49,"SouthSaltLakecity",0.22,0.47,0.13
34,"Millvillecity",0.38,0.52,0.17
6,"Pasadenacity",0.39,0.38,0.59
37,"HighPointcity",0.44,0.55,0.28
47,"Bartletttown",0.06,0.13,0.37
34,"MountHollytownship",0.32,0.47,0.27
9,"Sheltontown",0.23,0.28,0.38
6,"YorbaLindacity",0.06,0.09,0.6
53,"Bellevuecity",0.06,0.07,0.75
12,"SouthDaytonacity",0.27,0.44,0.17
25,"Bournetown",0.13,0.21,0.35
48,"Bellairecity",0.09,0.1,0.8
6,"Chicocity",0.17,0.23,0.51
39,"Bucyruscity",0.38,0.53,0.15
45,"Greenvillecity",0.38,0.47,0.47
42,"WestHempfieldtownship",0.27,0.36,0.32
39,"Portsmouthcity",0.58,0.63,0.17
33,"Exetertown",0.22,0.22,0.52
19,"MasonCitycity",0.26,0.34,0.25
53,"Lynnwoodcity",0.13,0.22,0.29
25,"Pembroketown",0.08,0.2,0.34
29,"UniversityCitycity",0.18,0.27,0.67
48,"Burkburnettcity",0.29,0.4,0.2
34,"NewBrunswickcity",0.55,0.6,0.37
18,"NewAlbanycity",0.47,0.55,0.19
34,"Lodiborough",0.59,0.59,0.23
48,"Rosenbergcity",0.81,0.73,0.13
29,"Warrensburgcity",0.24,0.26,0.57
36,"Newburghcity",0.64,0.75,0.17
9,"Darientown",0.06,0.08,0.98
37,"Wilmingtoncity",0.33,0.46,0.32
9,"NorthBranfordtown",0.13,0.25,0.4
6,"Woodlandcity",0.37,0.41,0.26
53,"DesMoinescity",0.13,0.22,0.31
6,"ElCerritocity",0.12,0.16,0.76
28,"Greenvillecity",0.64,0.68,0.24
29,"Moberlycity",0.51,0.55,0.21
25,"Marbleheadtown",0.04,0.04,0.88
29,"Springfieldcity",0.3,0.39,0.32
34,"PomptonLakesborough",0.24,0.34,0.37
1,"Hoovercity",0.03,0.07,0.75
6,"Irvinecity",0.04,0.05,0.87
49,"Clearfieldcity",0.12,0.21,0.18
48,"Andrewscity",0.63,0.68,0.14
12,"DeLandcity",0.3,0.47,0.29
34,"Hanovertownship",0.21,0.25,0.56
38,"WestFargocity",0.25,0.23,0.23
25,"Graftontown",0.22,0.29,0.39
34,"Patersoncity",0.78,0.8,0.12
13,"Brunswickcity",0.52,0.66,0.15
40,"Sapulpacity",0.38,0.51,0.18
40,"OklahomaCitycity",0.24,0.37,0.34
9,"EastHartfordtown",0.34,0.45,0.2
18,"Andersoncity",0.34,0.5,0.18
28,"Gulfportcity",0.3,0.43,0.28
13,"Thomasvillecity",0.55,0.61,0.29
22,"BossierCitycity",0.19,0.31,0.24
34,"EastBrunswicktownship",0.14,0.18,0.67
34,"Deptfordtownship",0.27,0.46,0.19
48,"Pearlandcity",0.18,0.24,0.35
34,"Newarkcity",0.76,0.87,0.12
48,"PortNechescity",0.16,0.25,0.28
51,"Petersburgcity",0.6,0.67,0.2
28,"OceanSpringscity",0.17,0.27,0.41
12,"Naplescity",0.11,0.17,0.62
51,"Winchestercity",0.51,0.54,0.29
38,"GrandForkscity",0.25,0.23,0.47
48,"Rockwallcity",0.2,0.22,0.6
54,"Parkersburgcity",0.47,0.54,0.19
47,"Greenevilletown",0.76,0.67,0.26
54,"Morgantowncity",0.21,0.24,0.72
29,"CapeGirardeaucity",0.39,0.39,0.39
55,"Racinecity",0.35,0.48,0.22
21,"Frankfortcity",0.36,0.39,0.36
4,"Peoriacity",0.19,0.27,0.26
37,"RoanokeRapidscity",0.47,0.6,0.17
46,"Watertowncity",0.48,0.4,0.21
34,"Raritantownship",0.13,0.15,0.69
12,"Orlandocity",0.26,0.37,0.36
48,"Vidorcity",0.38,0.58,0.07
42,"Berwickborough",0.44,0.58,0.08
55,"Appletoncity",0.25,0.25,0.38
42,"WestMifflinborough",0.21,0.38,0.16
48,"Kingsvillecity",0.7,0.63,0.32
42,"Astontownship",0.23,0.32,0.32
45,"Charlestoncity",0.32,0.4,0.47
51,"Salemcity",0.36,0.41,0.28
25,"Clintontown",0.3,0.36,0.26
6,"LaHabracity",0.34,0.4,0.28
6,"Vacavillecity",0.17,0.29,0.26
23,"Lewistoncity",0.72,0.64,0.14
25,"Lawrencecity",0.74,0.76,0.14
28,"Greenwoodcity",0.74,0.73,0.29
34,"Lindencity",0.45,0.55,0.18
34,"RoselleParkborough",0.24,0.36,0.36
25,"Foxboroughtown",0.08,0.15,0.43
6,"Beniciacity",0.09,0.14,0.53
6,"CulverCitycity",0.21,0.26,0.57
34,"Eveshamtownship",0.1,0.15,0.6
45,"Summervilletown",0.19,0.27,0.41
6,"Victorvillecity",0.29,0.43,0.15
39,"Piquacity",0.26,0.53,0.13
48,"Levellandcity",0.59,0.62,0.2
5,"Bentonvillecity",0.32,0.4,0.18
4,"Tempecity",0.11,0.15,0.6
25,"Quincycity",0.19,0.28,0.37
39,"Barbertoncity",0.29,0.54,0.11
9,"Naugatucktown",0.32,0.37,0.26
39,"Springfieldtownship",0.28,0.44,0.2
34,"PointPleasantborough",0.21,0.31,0.31
25,"Chelmsfordtown",0.08,0.14,0.61
18,"Warsawcity",0.28,0.4,0.28
49,"SouthJordancity",0.05,0.13,0.36
1,"Prattvillecity",0.29,0.43,0.29
40,"SandSpringscity",0.25,0.43,0.22
6,"Dixoncity",0.38,0.39,0.28
53,"Kentcity",0.12,0.21,0.33
48,"Bedfordcity",0.05,0.09,0.55
12,"Tamaraccity",0.24,0.41,0.21
34,"PalisadesParkborough",0.36,0.37,0.42
21,"Louisvillecity",0.44,0.57,0.26
23,"Bangorcity",0.2,0.27,0.39
34,"Keansburgborough",0.36,0.64,0.06
6,"Pomonacity",0.75,0.71,0.2
29,"WebsterGrovescity",0.12,0.16,0.77
39,"Wilmingtoncity",0.29,0.38,0.27
6,"Ridgecrestcity",0.12,0.21,0.43
12,"Gulfportcity",0.3,0.48,0.23
34,"Cinnaminsontownship",0.17,0.23,0.45
6,"SouthElMontecity",1,1,0.03
24,"Westminstercity",0.32,0.42,0.34
48,"Brownwoodcity",0.56,0.62,0.23
36,"Beaconcity",0.44,0.51,0.24
48,"SouthHoustoncity",0.98,0.93,0.04
6,"SuisunCitycity",0.24,0.29,0.19
6,"SantaBarbaracity",0.35,0.35,0.53
6,"FountainValleycity",0.13,0.17,0.5
6,"ThousandOakscity",0.11,0.15,0.57
6,"ElCentrocity",0.8,0.72,0.2
55,"Cudahycity",0.3,0.39,0.13
34,"MountOlivetownship",0.11,0.17,0.48
29,"Grandviewcity",0.13,0.23,0.27
29,"Hazelwoodcity",0.2,0.29,0.32
34,"Readingtontownship",0.15,0.2,0.57
34,"Garfieldcity",0.78,0.7,0.17
34,"Warrentownship",0.11,0.15,0.71
42,"EastNorritontownship",0.16,0.26,0.43
29,"BellefontaineNeighborscity",0.65,0.59,0.17
19,"Newtoncity",0.28,0.35,0.24
34,"Berkeleytownship",0.47,0.68,0.09
33,"Berlincity",0.6,0.62,0.09
35,"Alamogordocity",0.26,0.3,0.26
36,"Cortlandcity",0.28,0.43,0.34
54,"Charlestoncity",0.31,0.39,0.46
6,"Tustincity",0.18,0.22,0.41
47,"Smyrnatown",0.33,0.51,0.16
4,"ApacheJunctioncity",0.35,0.52,0.1
6,"Novatocity",0.1,0.12,0.51
13,"Lawrencevillecity",0.28,0.42,0.33
6,"Westminstercity",0.35,0.42,0.28
41,"Ashlandcity",0.1,0.15,0.7
34,"Hopewelltownship",0.12,0.17,0.76
18,"FortWaynecity",0.25,0.39,0.24
25,"Oxfordtown",0.26,0.44,0.25
6,"SantaClaritacity",0.12,0.19,0.41
6,"Camarillocity",0.15,0.19,0.43
39,"Conneautcity",0.22,0.47,0.08
6,"SanDiegocity",0.28,0.29,0.48
34,"Hazlettownship",0.2,0.35,0.28
37,"Concordcity",0.47,0.59,0.22
5,"LittleRockcity",0.21,0.3,0.49
5,"Jacksonvillecity",0.19,0.28,0.18
45,"GooseCreekcity",0.13,0.2,0.21
38,"Willistoncity",0.43,0.4,0.27
39,"ClevelandHeightscity",0.12,0.18,0.74
6,"SantaMariacity",0.65,0.6,0.15
36,"Poughkeepsiecity",0.44,0.55,0.34
36,"MountVernoncity",0.4,0.51,0.32
18,"Indianapoliscity",0.24,0.4,0.34
6,"RedwoodCitycity",0.28,0.31,0.43
25,"Westfordtown",0.1,0.14,0.64
34,"RedBankborough",0.37,0.41,0.45
6,"SanFranciscocity",0.39,0.37,0.57
45,"Caycecity",0.35,0.46,0.25
1,"Decaturcity",0.36,0.45,0.32
6,"Redlandscity",0.19,0.25,0.5
39,"Englewoodcity",0.16,0.26,0.29
37,"Tarborotown",0.54,0.62,0.24
53,"Kirklandcity",0.07,0.11,0.59
25,"Arlingtontown",0.14,0.18,0.68
47,"Maryvillecity",0.49,0.49,0.38
9,"Betheltown",0.17,0.21,0.52
34,"Rahwaycity",0.29,0.39,0.27
25,"Tauntoncity",0.64,0.58,0.18
9,"Hamdentown",0.24,0.24,0.52
42,"SpringGardentownship",0.19,0.26,0.49
13,"ForestParkcity",0.39,0.62,0.1
39,"Maumeecity",0.08,0.16,0.33
1,"AlexanderCitycity",0.57,0.7,0.21
9,"Southingtontown",0.27,0.35,0.34
44,"Burrillvilletown",0.47,0.51,0.24
28,"Columbuscity",0.51,0.62,0.29
12,"TempleTerracecity",0.08,0.11,0.65
6,"Seasidecity",0.33,0.37,0.22
9,"Waterburytown",0.52,0.58,0.21
25,"Walthamcity",0.3,0.35,0.42
6,"Ontariocity",0.5,0.55,0.16
